plan_year,claims_year,state,issuer_id,issuer_name,in_network_claims_received,in_network_claims_denied,in_network_denial_rate,out_of_network_claims_received,out_of_network_claims_denied,internal_appeals_filed,internal_appeals_overturned,internal_appeal_overturn_rate,external_reviews_filed,external_reviews_overturned,external_review_overturn_rate,plan_count,issuer_policy_url,apellica_page
2024,2022,AK,73836,"Moda Health Plan, Inc.",0,0,,,,,,,,,,7,https://www.modahealth.com/members/transparency.shtml?state=ak,https://apellica.com/insurer-denial-rates/alaska/moda-health-plan-inc
2025,2023,AK,73836,"Moda Health Plan, Inc.",0,0,,,,,,,,,,7,https://www.modahealth.com/members/transparency.shtml?state=ak,https://apellica.com/insurer-denial-rates/alaska/moda-health-plan-inc
2026,2024,AK,73836,"Moda Health Plan, Inc.",168684,29231,0.1733,35374,66671,35,17,0.4857,0,0,0,7,https://www.modahealth.com/members/transparency.shtml?state=ak,https://apellica.com/insurer-denial-rates/alaska/moda-health-plan-inc
2024,2022,AK,38344,Premera Blue Cross Blue Shield of Alaska,689988,166188,0.2409,40884,,271,128,0.4723,,,,9,https://www.premera.com/visitor/transparency-coverage?region=pbcak,https://apellica.com/insurer-denial-rates/alaska/premera-blue-cross-blue-shield-of-alaska
2025,2023,AK,38344,Premera Blue Cross Blue Shield of Alaska,732654,186285,0.2543,44793,23449,252,125,0.496,,,,8,https://www.premera.com/visitor/transparency-coverage?region=pbcak,https://apellica.com/insurer-denial-rates/alaska/premera-blue-cross-blue-shield-of-alaska
2026,2024,AK,38344,Premera Blue Cross Blue Shield of Alaska,777414,210082,0.2702,41736,21282,187,89,0.4759,,,,8,https://www.premera.com/visitor/transparency-coverage?region=pbcak,https://apellica.com/insurer-denial-rates/alaska/premera-blue-cross-blue-shield-of-alaska
2024,2022,AL,46944,Blue Cross and Blue Shield of Alabama,12644297,3214360,0.2542,138737,,1982,707,0.3567,54,,,19,https://www.bcbsal.org/web/public/portal/claims-payment-policy-other-information.html,https://apellica.com/insurer-denial-rates/alabama/blue-cross-and-blue-shield-of-alabama
2025,2023,AL,46944,Blue Cross and Blue Shield of Alabama,13033751,4533017,0.3478,240263,216318,1730,806,0.4659,80,0,0,19,https://www.bcbsal.org/web/public/portal/claims-payment-policy-other-information.html,https://apellica.com/insurer-denial-rates/alabama/blue-cross-and-blue-shield-of-alabama
2026,2024,AL,46944,Blue Cross and Blue Shield of Alabama,10704172,2038603,0.1904,204199,181561,5200,2608,0.5015,13,0,0,21,https://www.bcbsal.org/web/public/portal/claims-payment-policy-other-information.html,https://apellica.com/insurer-denial-rates/alabama/blue-cross-and-blue-shield-of-alabama
2024,2022,AL,53932,Celtic Insurance Company,0,0,,,,,,,,,,18,https://ambetterofalabama.com/resources/handbooks-forms/transparency-notice-2024.html,https://apellica.com/insurer-denial-rates/alabama/celtic-insurance-company
2025,2023,AL,53932,Celtic Insurance Company,714117,121096,0.1696,265380,52917,218,73,0.3349,0,0,0,17,https://ambetterofalabama.com/resources/handbooks-forms/transparency-notice-2025.html,https://apellica.com/insurer-denial-rates/alabama/celtic-insurance-company
2026,2024,AL,53932,Celtic Insurance Company,1644320,352236,0.2142,551207,85607,377,,,,0,,19,https://www.ambetterhealth.com/en/al/resources/handbooks-forms/transparency-notice-2025,https://apellica.com/insurer-denial-rates/alabama/celtic-insurance-company
2026,2024,AL,17091,Oscar Insurance Company,0,0,,,,,,,,,,9,https://www.hioscar.com/al_tic_2026,https://apellica.com/insurer-denial-rates/alabama/oscar-insurance-company
2024,2022,AL,69461,UnitedHealthcare Insurance Company,320011,113673,0.3552,50233,,156,74,0.4744,,,,14,https://www.uhc.com/transparency,https://apellica.com/insurer-denial-rates/alabama/unitedhealthcare-insurance-company
2025,2023,AL,69461,UnitedHealthcare Insurance Company,770887,320530,0.4158,273505,187474,597,174,0.2915,,,,13,https://www.uhc.com/transparency,https://apellica.com/insurer-denial-rates/alabama/unitedhealthcare-insurance-company
2026,2024,AL,69461,UnitedHealthcare Insurance Company,6010107,1073259,0.1786,1396975,794119,2741,1054,0.3845,,,,13,https://www.uhc.com/transparency,https://apellica.com/insurer-denial-rates/alabama/unitedhealthcare-insurance-company
2024,2022,AR,62141,Celtic Insurance Company,5679702,742861,0.1308,494997,,537,227,0.4227,,,,22,https://ambetter.arhealthwellness.com/resources/handbooks-forms/transparency-notice-2024.html,https://apellica.com/insurer-denial-rates/arkansas/celtic-insurance-company
2025,2023,AR,62141,Celtic Insurance Company,6001878,745529,0.1242,310451,34395,1574,541,0.3437,,,,18,https://ambetter.arhealthwellness.com/resources/handbooks-forms/transparency-notice-2025.html,https://apellica.com/insurer-denial-rates/arkansas/celtic-insurance-company
2026,2024,AR,62141,Celtic Insurance Company,8079882,1297980,0.1606,576856,51904,1813,0,0,0,0,0,14,https://www.ambetterhealth.com/en/ar/resources/handbooks-forms/transparency-notice-2026,https://apellica.com/insurer-denial-rates/arkansas/celtic-insurance-company
2024,2022,AR,13262,"HMO Partners, Inc.",1514223,229049,0.1513,37566,,978,262,0.2679,,,,5,https://www.healthadvantage-hmo.com/members/individual-and-family/member-rights/transparency-in-coverage,https://apellica.com/insurer-denial-rates/arkansas/hmo-partners-inc
2025,2023,AR,13262,"HMO Partners, Inc.",1360502,239109,0.1758,27333,9200,1164,398,0.3419,,,,6,https://www.healthadvantage-hmo.com/members/individual-and-family/member-rights/transparency-in-coverage,https://apellica.com/insurer-denial-rates/arkansas/hmo-partners-inc
2026,2024,AR,13262,"HMO Partners, Inc.",1506621,248827,0.1652,24373,8584,1247,363,0.2911,,0,,8,https://www.healthadvantage-hmo.com/members/individual-and-family/member-rights/transparency-in-coverage,https://apellica.com/insurer-denial-rates/arkansas/hmo-partners-inc
2024,2022,AR,70525,"QCA Health Plan, Inc.",2186944,273034,0.1248,188330,,143,62,0.4336,,,,7,https://ambetter.arhealthwellness.com/resources/handbooks-forms/transparency-notice-2024.html,https://apellica.com/insurer-denial-rates/arkansas/qca-health-plan-inc
2025,2023,AR,70525,"QCA Health Plan, Inc.",1871499,229346,0.1225,101098,11600,413,133,0.322,0,0,0,7,https://ambetter.arhealthwellness.com/resources/handbooks-forms/transparency-notice-2025.html,https://apellica.com/insurer-denial-rates/arkansas/qca-health-plan-inc
2026,2024,AR,70525,"QCA Health Plan, Inc.",1593974,245717,0.1542,121950,11076,346,0,0,0,0,0,11,https://www.ambetterhealth.com/en/ar/resources/handbooks-forms/transparency-notice-2026,https://apellica.com/insurer-denial-rates/arkansas/qca-health-plan-inc
2024,2022,AR,37903,"QualChoice Life & Health Insurance Company, Inc.",2217520,276111,0.1245,195503,,161,71,0.441,,,,5,https://ambetter.arhealthwellness.com/resources/handbooks-forms/transparency-notice-2024.html,https://apellica.com/insurer-denial-rates/arkansas/qualchoice-life-and-health-insurance-company-inc
2025,2023,AR,37903,"QualChoice Life & Health Insurance Company, Inc.",1893336,234093,0.1236,105320,13001,392,105,0.2679,0,0,0,5,https://ambetter.arhealthwellness.com/resources/handbooks-forms/transparency-notice-2025.html,https://apellica.com/insurer-denial-rates/arkansas/qualchoice-life-and-health-insurance-company-inc
2026,2024,AR,37903,"QualChoice Life & Health Insurance Company, Inc.",1680519,262731,0.1563,124177,10461,397,0,0,0,0,0,7,https://www.ambetterhealth.com/en/ar/resources/handbooks-forms/transparency-notice-2026,https://apellica.com/insurer-denial-rates/arkansas/qualchoice-life-and-health-insurance-company-inc
2024,2022,AR,48772,"USAble HMO, Inc.",0,0,,,,,,,,,,5,https://www.arkansasoctave.com/transparency-in-coverage,https://apellica.com/insurer-denial-rates/arkansas/usable-hmo-inc
2025,2023,AR,48772,"USAble HMO, Inc.",0,0,,,,,,,,,,6,https://www.arkansasoctave.com/members/individual-and-family/member-rights/transparency-in-coverage,https://apellica.com/insurer-denial-rates/arkansas/usable-hmo-inc
2026,2024,AR,48772,"USAble HMO, Inc.",766146,123118,0.1607,8685,3345,686,220,0.3207,0,0,0,6,https://www.arkansasoctave.com/members/individual-and-family/member-rights/transparency-in-coverage,https://apellica.com/insurer-denial-rates/arkansas/usable-hmo-inc
2024,2022,AR,75293,USAble Mutual Insurance Company,5254559,791699,0.1507,28426,,7439,2119,0.2849,17,,,8,https://www.arkansasbluecross.com/members/individual-and-family/member-rights/transparency-in-coverage,https://apellica.com/insurer-denial-rates/arkansas/usable-mutual-insurance-company
2025,2023,AR,75293,USAble Mutual Insurance Company,5906543,959814,0.1625,39719,14822,7480,2341,0.313,23,12,0.5217,6,https://www.arkansasbluecross.com/members/individual-and-family/member-rights/transparency-in-coverage,https://apellica.com/insurer-denial-rates/arkansas/usable-mutual-insurance-company
2026,2024,AR,75293,USAble Mutual Insurance Company,4295266,669702,0.1559,19729,7106,7600,2400,0.3158,35,13,0.3714,6,https://www.arkansasbluecross.com/members/individual-and-family/member-rights/transparency-in-coverage,https://apellica.com/insurer-denial-rates/arkansas/usable-mutual-insurance-company
2025,2023,AZ,68445,"Antidote Health Plan of Arizona, Inc.",0,0,,,,,,,,,,16,https://www.antidotehealth.com/insurance/coverage-transparency,https://apellica.com/insurer-denial-rates/arizona/antidote-health-plan-of-arizona-inc
2026,2024,AZ,68445,"Antidote Health Plan of Arizona, Inc.",0,0,,,,,,,,,,16,https://www.antidotehealth.com/legal/transparency-in-coverage,https://apellica.com/insurer-denial-rates/arizona/antidote-health-plan-of-arizona-inc
2024,2022,AZ,23435,Banner Health and Aetna Health Plan Inc.,148205,26374,0.178,11695,,37,19,0.5135,,,,11,https://www.aetna.com/individuals-families/member-rights-resources/how-an-individual-plan-works.html,https://apellica.com/insurer-denial-rates/arizona/banner-health-and-aetna-health-plan-inc
2025,2023,AZ,23435,Banner Health and Aetna Health Plan Inc.,1912839,422220,0.2207,462111,302572,278,128,0.4604,,0,,15,https://www.aetna.com/individuals-families/member-rights-resources/how-an-individual-plan-works.html,https://apellica.com/insurer-denial-rates/arizona/banner-health-and-aetna-health-plan-inc
2024,2022,AZ,53901,"Blue Cross and Blue Shield of Arizona, Inc.",984699,85262,0.0866,197927,,3103,1299,0.4186,44,12,0.2727,131,https://www.azblue.com/individualsandfamilies/resources/aca-plan-information,https://apellica.com/insurer-denial-rates/arizona/blue-cross-and-blue-shield-of-arizona-inc
2025,2023,AZ,53901,"Blue Cross and Blue Shield of Arizona, Inc.",1370518,222893,0.1626,46614,42504,2209,1038,0.4699,50,14,0.28,120,https://www.azblue.com/individuals-and-families/resources/aca-plan-information,https://apellica.com/insurer-denial-rates/arizona/blue-cross-and-blue-shield-of-arizona-inc
2026,2024,AZ,53901,"Blue Cross and Blue Shield of Arizona, Inc.",1522332,233016,0.1531,82443,77924,4769,1806,0.3787,180,36,0.2,115,https://www.azblue.com/individuals-and-families/resources/aca-plan-information,https://apellica.com/insurer-denial-rates/arizona/blue-cross-and-blue-shield-of-arizona-inc
2024,2022,AZ,97667,"Cigna HealthCare of Arizona, Inc",180629,23780,0.1317,11424,,26,12,0.4615,,,,12,https://www.cigna.com/ifp-transparency,https://apellica.com/insurer-denial-rates/arizona/cigna-healthcare-of-arizona-inc
2025,2023,AZ,97667,"Cigna HealthCare of Arizona, Inc",232830,36044,0.1548,17563,15986,31,15,0.4839,,0,,8,https://www.cigna.com/individuals-families/shop-plans/transparency-in-coverage,https://apellica.com/insurer-denial-rates/arizona/cigna-healthcare-of-arizona-inc
2026,2024,AZ,97667,"Cigna HealthCare of Arizona, Inc",139645,22637,0.1621,9833,9371,39,22,0.5641,,,,16,https://www.cigna.com/individuals-families/shop-plans/transparency-in-coverage,https://apellica.com/insurer-denial-rates/arizona/cigna-healthcare-of-arizona-inc
2024,2022,AZ,91450,"Health Net of Arizona, Inc.",2058336,270924,0.1316,187232,,310,139,0.4484,,,,29,https://ambetter.azcompletehealth.com/resources/handbooks-forms/transparency-notice-2024.html,https://apellica.com/insurer-denial-rates/arizona/health-net-of-arizona-inc
2025,2023,AZ,91450,"Health Net of Arizona, Inc.",3589419,468270,0.1305,397207,135845,578,359,0.6211,19,,,17,https://ambetter.azcompletehealth.com/resources/handbooks-forms/transparency-notice-2025.html,https://apellica.com/insurer-denial-rates/arizona/health-net-of-arizona-inc
2026,2024,AZ,91450,"Health Net of Arizona, Inc.",3202241,596289,0.1862,378567,97626,502,14,0.0279,,0,,17,https://www.ambetterhealth.com/en/az/resources/handbooks-forms/transparency-notice-2026,https://apellica.com/insurer-denial-rates/arizona/health-net-of-arizona-inc
2024,2022,AZ,85533,"Imperial Insurance Companies, Inc.",0,0,,,,,,,,,,5,https://exchange.imperialhealthplan.com/transparency-in-coverage/,https://apellica.com/insurer-denial-rates/arizona/imperial-insurance-companies-inc
2025,2023,AZ,85533,"Imperial Insurance Companies, Inc.",145,0,0,138,0,0,0,0,0,0,0,5,https://exchange.imperialhealthplan.com/transparency-in-coverage/,https://apellica.com/insurer-denial-rates/arizona/imperial-insurance-companies-inc
2026,2024,AZ,85533,"Imperial Insurance Companies, Inc.",2393,793,0.3314,1324,603,,,,0,0,0,5,https://exchange.imperialhealthplan.com/transparency-in-coverage/,https://apellica.com/insurer-denial-rates/arizona/imperial-insurance-companies-inc
2024,2022,AZ,32311,Medica Community Health Plan,32177,8417,0.2616,2499,,20,,,0,0,,9,https://www.Medica.com/tips2024,https://apellica.com/insurer-denial-rates/arizona/medica-community-health-plan
2024,2022,AZ,13877,"Oscar Health Plan, Inc.",468750,54197,0.1156,49483,,422,201,0.4763,,,,13,https://hioscar.com/az_tic_2024,https://apellica.com/insurer-denial-rates/arizona/oscar-health-plan-inc
2025,2023,AZ,13877,"Oscar Health Plan, Inc.",149097,25984,0.1743,14391,10046,3100,1582,0.5103,27,,,11,https://hioscar.com/az_tic_2025,https://apellica.com/insurer-denial-rates/arizona/oscar-health-plan-inc
2026,2024,AZ,13877,"Oscar Health Plan, Inc.",292877,82246,0.2808,51923,37208,4434,918,0.207,152,50,0.3289,18,https://hioscar.com/az_tic_2026,https://apellica.com/insurer-denial-rates/arizona/oscar-health-plan-inc
2024,2022,AZ,40702,"UnitedHealthcare of Arizona, Inc.",1371903,490972,0.3579,150544,,1271,515,0.4052,16,,,15,https://www.uhc.com/transparency,https://apellica.com/insurer-denial-rates/arizona/unitedhealthcare-of-arizona-inc
2025,2023,AZ,40702,"UnitedHealthcare of Arizona, Inc.",1711443,678094,0.3962,162376,104289,2220,922,0.4153,17,,,14,https://www.uhc.com/transparency,https://apellica.com/insurer-denial-rates/arizona/unitedhealthcare-of-arizona-inc
2026,2024,AZ,40702,"UnitedHealthcare of Arizona, Inc.",2715431,646181,0.238,393847,236835,2607,993,0.3809,33,,,14,https://www.uhc.com/transparency,https://apellica.com/insurer-denial-rates/arizona/unitedhealthcare-of-arizona-inc
2024,2022,DE,67190,Aetna Health Inc. (a PA corp.),0,0,,,,,,,,,,6,https://www.aetna.com/individuals-families/member-rights-resources/how-an-individual-plan-works.html,https://apellica.com/insurer-denial-rates/delaware/aetna-health-inc-a-pa-corp
2025,2023,DE,67190,Aetna Health Inc. (a PA corp.),60919,13615,0.2235,11323,8975,,,,0,0,0,2,https://www.aetna.com/individuals-families/member-rights-resources/how-an-individual-plan-works.html,https://apellica.com/insurer-denial-rates/delaware/aetna-health-inc-a-pa-corp
2024,2022,DE,72760,"AmeriHealth Caritas VIP Next, Inc.",0,0,,,,,,,,,,6,https://www.amerihealthcaritasnext.com/de/transparency-in-coverage-2024.aspx,https://apellica.com/insurer-denial-rates/delaware/amerihealth-caritas-vip-next-inc
2025,2023,DE,72760,"AmeriHealth Caritas VIP Next, Inc.",3427,1709,0.4987,261,201,0,0,0,0,0,0,8,https://www.amerihealthcaritasnext.com/de/transparency-in-coverage-2025.aspx,https://apellica.com/insurer-denial-rates/delaware/amerihealth-caritas-vip-next-inc
2026,2024,DE,72760,"AmeriHealth Caritas VIP Next, Inc.",165638,46346,0.2798,16445,7506,31,14,0.4516,0,0,0,8,https://www.amerihealthcaritasnext.com/de/transparency-in-coverage-2026.aspx,https://apellica.com/insurer-denial-rates/delaware/amerihealth-caritas-vip-next-inc
2024,2022,DE,64004,Celtic Insurance Company,0,0,,,,,,,,,,24,https://www.ambetterhealthofdelaware.com/resources/handbooks-forms/transparency-notice-2024.html,https://apellica.com/insurer-denial-rates/delaware/celtic-insurance-company
2025,2023,DE,64004,Celtic Insurance Company,0,0,,,,,,,,,,17,https://www.ambetterhealthofdelaware.com/resources/handbooks-forms/transparency-notice-2025.html,https://apellica.com/insurer-denial-rates/delaware/celtic-insurance-company
2026,2024,DE,64004,Celtic Insurance Company,24728,6979,0.2822,2695,882,,0,,0,0,0,17,https://www.ambetterhealth.com/en/de/resources/handbooks-forms/transparency-notice-2026,https://apellica.com/insurer-denial-rates/delaware/celtic-insurance-company
2024,2022,DE,76168,Highmark BCBSD Inc.,968454,127999,0.1322,23681,,141,29,0.2057,,,,18,https://www.highmark.com/content/dam/digital-marketing/en/highmark/highmarkdotcom/pdfs/quality-assurance/CS204330_NCQAPreSale_BRO_DE_R2.pdf,https://apellica.com/insurer-denial-rates/delaware/highmark-bcbsd-inc
2025,2023,DE,76168,Highmark BCBSD Inc.,1063273,146665,0.1379,29837,9747,196,58,0.2959,,,,18,https://www.highmark.com/content/dam/digital-marketing/en/highmark/highmarkdotcom/pdfs/quality-assurance/CS204330_NCQAPreSale_BRO_DE_R2.pdf,https://apellica.com/insurer-denial-rates/delaware/highmark-bcbsd-inc
2026,2024,DE,76168,Highmark BCBSD Inc.,2042140,387306,0.1897,46365,18805,222,68,0.3063,,,,15,https://www.highmark.com/transparency-in-coverage,https://apellica.com/insurer-denial-rates/delaware/highmark-bcbsd-inc
2024,2022,FL,18628,Aetna Health Inc. (a FL corp.),0,0,,,,,,,,,,9,https://www.aetna.com/individuals-families/member-rights-resources/how-an-individual-plan-works.html,https://apellica.com/insurer-denial-rates/florida/aetna-health-inc-a-fl-corp
2025,2023,FL,18628,Aetna Health Inc. (a FL corp.),11920740,2654415,0.2227,497117,203060,988,381,0.3856,21,,,13,https://www.aetna.com/individuals-families/member-rights-resources/how-an-individual-plan-works.html,https://apellica.com/insurer-denial-rates/florida/aetna-health-inc-a-fl-corp
2024,2022,FL,67926,"AmeriHealth Caritas Florida, Inc.",0,0,,,,,,,,,,6,https://www.amerihealthcaritasnext.com/fl/transparency-in-coverage-2024.aspx,https://apellica.com/insurer-denial-rates/florida/amerihealth-caritas-florida-inc
2025,2023,FL,67926,"AmeriHealth Caritas Florida, Inc.",25325,13650,0.539,11984,10137,0,0,0,0,0,0,8,https://www.amerihealthcaritasnext.com/fl/transparency-in-coverage-2025.aspx,https://apellica.com/insurer-denial-rates/florida/amerihealth-caritas-florida-inc
2026,2024,FL,67926,"AmeriHealth Caritas Florida, Inc.",79451,20441,0.2573,12571,7584,,,,0,0,0,8,https://www.amerihealthcaritasnext.com/fl/transparency-in-coverage-2026.aspx,https://apellica.com/insurer-denial-rates/florida/amerihealth-caritas-florida-inc
2024,2022,FL,19898,"AvMed, Inc.",1305282,654725,0.5016,245104,,54,37,0.6852,,,,83,https://www.avmed.org/media/nrrmf2bt/claims-payment-policy-and-other-information.pdf,https://apellica.com/insurer-denial-rates/florida/avmed-inc
2025,2023,FL,19898,"AvMed, Inc.",473890,147403,0.311,61054,29055,27,19,0.7037,,,,64,https://shc-p-001.sitecorecontenthub.cloud/api/public/content/Claims-Payment-Policy-and-Other-Information.pdf,https://apellica.com/insurer-denial-rates/florida/avmed-inc
2026,2024,FL,19898,"AvMed, Inc.",431996,118089,0.2734,37292,16682,25,,,0,0,0,64,https://shc-p-001.sitecorecontenthub.cloud/api/public/content/Claims-Payment-Policy-and-Other-Information.pdf,https://apellica.com/insurer-denial-rates/florida/avmed-inc
2024,2022,FL,16842,Blue Cross and Blue Shield of Florida,17913858,2167158,0.121,776975,,2935,1276,0.4348,78,26,0.3333,28,https://www.floridablue.com/members/tools-resources/transparency,https://apellica.com/insurer-denial-rates/florida/blue-cross-and-blue-shield-of-florida
2025,2023,FL,16842,Blue Cross and Blue Shield of Florida,21253164,3923703,0.1846,806300,58649,2677,1183,0.4419,97,33,0.3402,33,https://www.floridablue.com/members/tools-resources/transparency,https://apellica.com/insurer-denial-rates/florida/blue-cross-and-blue-shield-of-florida
2026,2024,FL,16842,Blue Cross and Blue Shield of Florida,22220889,4251990,0.1914,1031825,248604,3012,1433,0.4758,170,78,0.4588,33,https://www.floridablue.com/members/individual/home,https://apellica.com/insurer-denial-rates/florida/blue-cross-and-blue-shield-of-florida
2024,2022,FL,66966,Capital Health Plan,225489,15920,0.0706,15583,,65,32,0.4923,,,,6,https://capitalhealth.com/transparency-in-coverage,https://apellica.com/insurer-denial-rates/florida/capital-health-plan
2025,2023,FL,66966,Capital Health Plan,404627,31671,0.0783,27882,16444,147,56,0.381,,,,6,https://capitalhealth.com/transparency-in-coverage,https://apellica.com/insurer-denial-rates/florida/capital-health-plan
2026,2024,FL,66966,Capital Health Plan,540104,35255,0.0653,19667,4356,257,87,0.3385,,,,8,https://capitalhealth.com/legal/transparency-in-coverage/,https://apellica.com/insurer-denial-rates/florida/capital-health-plan
2024,2022,FL,21663,Celtic Insurance Company,12748561,1913915,0.1501,1920660,,4215,2497,0.5924,,,,48,https://ambetter.sunshinehealth.com/resources/handbooks-forms/transparency-notice-2024.html,https://apellica.com/insurer-denial-rates/florida/celtic-insurance-company
2025,2023,FL,49004,Centene Venture Company Florida,0,0,,,,,,,,,,38,https://ambetter.sunshinehealth.com/resources/handbooks-forms/2025-transparency-notice-fl-hmo.html,https://apellica.com/insurer-denial-rates/florida/centene-venture-company-florida
2026,2024,FL,49004,Centene Venture Company Florida,0,0,,,,,,,,,,38,https://www.ambetterhealth.com/en/fl/resources/handbooks-forms/transparency-notice-2026,https://apellica.com/insurer-denial-rates/florida/centene-venture-company-florida
2024,2022,FL,48121,Cigna Health and Life Insurance Company,3129000,611580,0.1955,165530,,960,217,0.226,18,,,13,https://www.cigna.com/ifp-transparency,https://apellica.com/insurer-denial-rates/florida/cigna-health-and-life-insurance-company
2025,2023,FL,48121,Cigna Health and Life Insurance Company,4657948,948441,0.2036,216738,183523,1144,309,0.2701,14,,,10,https://www.cigna.com/ifp-transparency,https://apellica.com/insurer-denial-rates/florida/cigna-health-and-life-insurance-company
2026,2024,FL,48121,Cigna Health and Life Insurance Company,4620013,926080,0.2004,157117,134858,1210,389,0.3215,15,,,26,https://www.cigna.com/individuals-families/shop-plans/transparency-in-coverage,https://apellica.com/insurer-denial-rates/florida/cigna-health-and-life-insurance-company
2026,2024,FL,79850,"Cigna HealthCare of Florida, Inc.",0,0,,,,,,,,,,5,https://www.cigna.com/individuals-families/shop-plans/transparency-in-coverage,https://apellica.com/insurer-denial-rates/florida/cigna-healthcare-of-florida-inc
2026,2024,FL,13887,Community Care Network Inc,0,0,,,,,,,,,,5,https://22healthplan.com/for-members/documents/toc/,https://apellica.com/insurer-denial-rates/florida/community-care-network-inc
2024,2022,FL,56503,"Florida Health Care Plan, Inc.",2377267,308978,0.13,59929,,174,102,0.5862,,,,35,https://www.fhcp.com/documents/for-members/forms/Transparency-in-Coverage.pdf,https://apellica.com/insurer-denial-rates/florida/florida-health-care-plan-inc
2025,2023,FL,56503,"Florida Health Care Plan, Inc.",2900945,405810,0.1399,90485,67416,667,157,0.2354,24,13,0.5417,28,https://www.fhcp.com/documents/for-members/forms/Transparency-in-Coverage.pdf,https://apellica.com/insurer-denial-rates/florida/florida-health-care-plan-inc
2026,2024,FL,56503,"Florida Health Care Plan, Inc.",3536806,602771,0.1704,90389,68552,1024,281,0.2744,36,19,0.5278,23,https://www.fhcp.com/documents/for-members/forms/Transparency-in-Coverage.pdf,https://apellica.com/insurer-denial-rates/florida/florida-health-care-plan-inc
2024,2022,FL,36194,"Health First Commercial Plans, Inc.",722574,99831,0.1382,51883,,350,174,0.4971,,,,19,https://hf.org/health-first-health-plans/hmo,https://apellica.com/insurer-denial-rates/florida/health-first-commercial-plans-inc
2025,2023,FL,36194,"Health First Commercial Plans, Inc.",1826300,352972,0.1933,88711,52502,412,178,0.432,,,,22,https://hf.org/health-first-health-plans/hmo,https://apellica.com/insurer-denial-rates/florida/health-first-commercial-plans-inc
2026,2024,FL,36194,"Health First Commercial Plans, Inc.",2123475,475722,0.224,158074,101847,403,255,0.6328,37,,,24,https://hf.org/health-first-health-plans/hmo,https://apellica.com/insurer-denial-rates/florida/health-first-commercial-plans-inc
2024,2022,FL,30252,"Health Options, Inc.",28872821,4109571,0.1423,678357,,2913,1408,0.4834,52,16,0.3077,60,https://www.floridablue.com/members/tools-resources/transparency,https://apellica.com/insurer-denial-rates/florida/health-options-inc
2025,2023,FL,30252,"Health Options, Inc.",39268216,9940136,0.2531,399597,26805,2937,1130,0.3847,79,21,0.2658,76,https://www.floridablue.com/members/tools-resources/transparency,https://apellica.com/insurer-denial-rates/florida/health-options-inc
2026,2024,FL,30252,"Health Options, Inc.",42561091,10507969,0.2469,474833,83200,3129,1402,0.4481,153,77,0.5033,83,https://www.floridablue.com/members/individual/home,https://apellica.com/insurer-denial-rates/florida/health-options-inc
2024,2022,FL,54172,"Molina Healthcare of Florida, Inc",188432,36734,0.1949,41194,,471,152,0.3227,,,,10,https://www.molinamarketplace.com/marketplace/fl/en-us/FAQ.aspx,https://apellica.com/insurer-denial-rates/florida/molina-healthcare-of-florida-inc
2025,2023,FL,54172,"Molina Healthcare of Florida, Inc",760653,244390,0.3213,67089,34575,732,212,0.2896,,0,,10,https://www.molinamarketplace.com/marketplace/fl/en-us/FAQ.aspx,https://apellica.com/insurer-denial-rates/florida/molina-healthcare-of-florida-inc
2026,2024,FL,54172,"Molina Healthcare of Florida, Inc",1447710,341296,0.2357,161927,72623,82,19,0.2317,0,0,0,22,https://www.molinamarketplace.com/marketplace/fl/en-us/FAQ.aspx,https://apellica.com/insurer-denial-rates/florida/molina-healthcare-of-florida-inc
2026,2024,FL,21525,Oscar Health Maintenance Organization of Florida,0,0,,,,,,,,,,34,https://hioscar.com/fl_tic_2026,https://apellica.com/insurer-denial-rates/florida/oscar-health-maintenance-organization-of-florida
2024,2022,FL,40572,Oscar Insurance Company of Florida,24850547,2902781,0.1168,2399206,,9219,3890,0.422,105,81,0.7714,27,https://hioscar.com/fl_tic_2024,https://apellica.com/insurer-denial-rates/florida/oscar-insurance-company-of-florida
2025,2023,FL,40572,Oscar Insurance Company of Florida,16627306,2806266,0.1688,1325715,591442,221043,99456,0.4499,571,92,0.1611,22,https://hioscar.com/fl_tic_2025,https://apellica.com/insurer-denial-rates/florida/oscar-insurance-company-of-florida
2025,2023,FL,44228,Simply Healthcare Plans Inc dba Wellpoint Florida Inc,0,0,,,,,,,,,,13,https://www.wellpoint.com/notices/transparency-in-coverage,https://apellica.com/insurer-denial-rates/florida/simply-healthcare-plans-inc-dba-wellpoint-florida-inc
2026,2024,FL,44228,Simply Healthcare Plans Inc dba Wellpoint Florida Inc,0,0,,,,,,,,,,13,https://www.wellpoint.com/notices/transparency-in-coverage,https://apellica.com/insurer-denial-rates/florida/simply-healthcare-plans-inc-dba-wellpoint-florida-inc
2024,2022,FL,86382,Sunshine State Health Plan,2425891,420671,0.1734,572828,,288,186,0.6458,,,,20,https://ambetter.sunshinehealth.com/resources/handbooks-forms/2024-transparency-notice-fl-hmo.html,https://apellica.com/insurer-denial-rates/florida/sunshine-state-health-plan
2025,2023,FL,86382,Sunshine State Health Plan,5463460,922681,0.1689,2137897,258470,1053,373,0.3542,,,,7,https://ambetter.sunshinehealth.com/resources/handbooks-forms/2025-transparency-notice-fl-hmo.html,https://apellica.com/insurer-denial-rates/florida/sunshine-state-health-plan
2026,2024,FL,86382,Sunshine State Health Plan,1271365,256694,0.2019,476090,87510,437,,,,0,,7,https://www.ambetterhealth.com/en/fl/resources/handbooks-forms/transparency-notice-2026,https://apellica.com/insurer-denial-rates/florida/sunshine-state-health-plan
2024,2022,FL,68398,"UnitedHealthcare of Florida, Inc.",1103537,358239,0.3246,313738,,1160,352,0.3034,,,,16,https://www.uhc.com/transparency,https://apellica.com/insurer-denial-rates/florida/unitedhealthcare-of-florida-inc
2025,2023,FL,68398,"UnitedHealthcare of Florida, Inc.",2285558,740703,0.3241,495233,320593,2728,752,0.2757,21,,,14,https://www.uhc.com/transparency,https://apellica.com/insurer-denial-rates/florida/unitedhealthcare-of-florida-inc
2026,2024,FL,68398,"UnitedHealthcare of Florida, Inc.",3564380,719832,0.202,1012085,473962,3373,882,0.2615,18,,,17,https://www.uhc.com/transparency,https://apellica.com/insurer-denial-rates/florida/unitedhealthcare-of-florida-inc
2024,2022,GA,82824,Aetna Health Inc. (a GA corp.),189293,37611,0.1987,14127,,51,45,0.8824,,,,10,https://www.aetna.com/individuals-families/member-rights-resources/how-an-individual-plan-works.html,https://apellica.com/insurer-denial-rates/georgia/aetna-health-inc-a-ga-corp
2024,2022,GA,83761,Alliant Health Plans,455071,36987,0.0813,41669,,2772,310,0.1118,23,,,48,https://alliantplans.com/members/understanding-my-insurance-transparency-information/,https://apellica.com/insurer-denial-rates/georgia/alliant-health-plans
2024,2022,GA,70893,Ambetter of Peach State Inc.,17619920,2410742,0.1368,1583659,,1465,785,0.5358,,,1,32,https://ambetter.pshpgeorgia.com/resources/handbooks-forms/transparency-notice-2024.html,https://apellica.com/insurer-denial-rates/georgia/ambetter-of-peach-state-inc
2024,2022,GA,45334,"AMGP Georgia Managed Care Company, Inc. dba Anthem Blue Cross and Blue Shield",0,0,,,,,,,,,,6,http://www.anthem.com/ms/claims/home.html,https://apellica.com/insurer-denial-rates/georgia/amgp-georgia-managed-care-company-inc-dba-anthem-blue-cross-and-blue-shield
2024,2022,GA,49046,Anthem Blue Cross and Blue Shield,3813700,904058,0.2371,347881,,569,95,0.167,,,,55,http://www.anthem.com/ms/claims/home.html,https://apellica.com/insurer-denial-rates/georgia/anthem-blue-cross-and-blue-shield
2024,2022,GA,60224,CareSource Georgia Co.,1661639,361615,0.2176,261870,,29,14,0.4828,,,,15,https://www.caresource.com/ga/plans/marketplace/plan-documents/general-plan-information/,https://apellica.com/insurer-denial-rates/georgia/caresource-georgia-co
2024,2022,GA,15105,"Cigna HealthCare of Georgia, Inc.",819128,144773,0.1767,86869,,,,,,,,12,https://www.cigna.com/ifp-transparency,https://apellica.com/insurer-denial-rates/georgia/cigna-healthcare-of-georgia-inc
2024,2022,GA,89942,Kaiser Foundation Health Plan of Georgia,7974,822,0.1031,4217,,60,26,0.4333,,,,40,https://healthy.kaiserpermanente.org/georgia/support/transparency-coverage,https://apellica.com/insurer-denial-rates/georgia/kaiser-foundation-health-plan-of-georgia
2024,2022,GA,58081,Oscar Health Plan of Georgia,1956528,244361,0.1249,273653,,1071,439,0.4099,,,,13,https://hioscar.com/ga_tic_2024,https://apellica.com/insurer-denial-rates/georgia/oscar-health-plan-of-georgia
2024,2022,GA,43802,"UnitedHealthcare of Georgia, Inc.",297827,94241,0.3164,56022,,427,202,0.4731,,,,16,https://www.uhc.com/transparency,https://apellica.com/insurer-denial-rates/georgia/unitedhealthcare-of-georgia-inc
2024,2022,HI,18350,Hawaii Medical Service Association,637079,147935,0.2322,3914,,61,28,0.459,,,,7,https://hmsa.com/aca-transparency,https://apellica.com/insurer-denial-rates/hawaii/hawaii-medical-service-association
2025,2023,HI,18350,Hawaii Medical Service Association,673684,162934,0.2419,4033,812,82,38,0.4634,,0,,7,https://hmsa.com/aca-transparency,https://apellica.com/insurer-denial-rates/hawaii/hawaii-medical-service-association
2026,2024,HI,18350,Hawaii Medical Service Association,723658,198069,0.2737,3861,883,104,52,0.5,0,0,0,7,https://hmsa.com/aca-transparency,https://apellica.com/insurer-denial-rates/hawaii/hawaii-medical-service-association
2024,2022,HI,60612,"Kaiser Foundation Health Plan, Inc.",11136,561,0.0504,1573,,,,,,,,11,https://healthy.kaiserpermanente.org/hawaii/support/transparency-coverage,https://apellica.com/insurer-denial-rates/hawaii/kaiser-foundation-health-plan-inc
2025,2023,HI,60612,"Kaiser Foundation Health Plan, Inc.",13130,660,0.0503,1878,466,21,,,0,0,0,10,https://healthy.kaiserpermanente.org/hawaii/support/transparency-coverage,https://apellica.com/insurer-denial-rates/hawaii/kaiser-foundation-health-plan-inc
2026,2024,HI,60612,"Kaiser Foundation Health Plan, Inc.",11489,584,0.0508,1650,371,33,16,0.4848,0,0,0,10,https://healthy.kaiserpermanente.org/hawaii/support/transparency-coverage,https://apellica.com/insurer-denial-rates/hawaii/kaiser-foundation-health-plan-inc
2026,2024,IA,74980,"Avera Health Plans, Inc.",0,0,,,,,,,,,,12,https://www.averahealthplans.com/insurance/,https://apellica.com/insurer-denial-rates/iowa/avera-health-plans-inc
2025,2023,IA,48286,"Iowa Total Care, Inc.",0,0,,,,,,,,,,17,https://www.ambetterhealth.com/en/ia/members/forms-documents/2025-transparency-notice.html,https://apellica.com/insurer-denial-rates/iowa/iowa-total-care-inc
2026,2024,IA,48286,"Iowa Total Care, Inc.",0,0,,,,,,,,,,17,https://www.ambetterhealth.com/en/ia/resources/handbooks-forms/transparency-notice-2026,https://apellica.com/insurer-denial-rates/iowa/iowa-total-care-inc
2024,2022,IA,93078,Medica Insurance Company,776536,111015,0.143,52003,,368,186,0.5054,,0,,47,https://www.Medica.com/tips2024,https://apellica.com/insurer-denial-rates/iowa/medica-insurance-company
2025,2023,IA,93078,Medica Insurance Company,607254,111316,0.1833,45024,39551,281,126,0.4484,,,,45,https://www.medica.com/transparency-in-coverage,https://apellica.com/insurer-denial-rates/iowa/medica-insurance-company
2026,2024,IA,93078,Medica Insurance Company,420450,89569,0.213,41057,37883,195,98,0.5026,,,,45,https://www.medica.com/transparency-in-coverage,https://apellica.com/insurer-denial-rates/iowa/medica-insurance-company
2024,2022,IA,45819,Oscar Insurance Company,161269,20570,0.1276,19040,,115,60,0.5217,,,,26,https://hioscar.com/ia_tic_2024,https://apellica.com/insurer-denial-rates/iowa/oscar-insurance-company
2025,2023,IA,45819,Oscar Insurance Company,181038,32239,0.1781,26921,19446,2102,916,0.4358,,,,20,https://hioscar.com/ia_tic_2025,https://apellica.com/insurer-denial-rates/iowa/oscar-insurance-company
2026,2024,IA,45819,Oscar Insurance Company,467434,117430,0.2512,187918,107872,7284,2167,0.2975,144,40,0.2778,26,https://hioscar.com/ia_tic_2026,https://apellica.com/insurer-denial-rates/iowa/oscar-insurance-company
2025,2023,IA,56610,"UnitedHealthcare Plan of the River Valley, Inc.",0,0,,,,,,,,,,12,https://www.uhc.com/transparency,https://apellica.com/insurer-denial-rates/iowa/unitedhealthcare-plan-of-the-river-valley-inc
2026,2024,IA,56610,"UnitedHealthcare Plan of the River Valley, Inc.",0,0,,,,,,,,,,12,https://www.uhc.com/transparency,https://apellica.com/insurer-denial-rates/iowa/unitedhealthcare-plan-of-the-river-valley-inc
2024,2022,IA,25896,"Wellmark Health Plan of Iowa, Inc.",1919981,306763,0.1598,63112,,,,,,,,12,https://www.wellmark.com/transparency,https://apellica.com/insurer-denial-rates/iowa/wellmark-health-plan-of-iowa-inc
2025,2023,IA,25896,"Wellmark Health Plan of Iowa, Inc.",4366324,753627,0.1726,174461,140207,308,128,0.4156,,,,10,https://www.wellmark.com/transparency,https://apellica.com/insurer-denial-rates/iowa/wellmark-health-plan-of-iowa-inc
2026,2024,IA,25896,"Wellmark Health Plan of Iowa, Inc.",3945784,704036,0.1784,140278,108660,674,221,0.3279,,,,10,https://www.wellmark.com/transparency,https://apellica.com/insurer-denial-rates/iowa/wellmark-health-plan-of-iowa-inc
2024,2022,IL,99129,Aetna Health Inc. (a PA corp.),0,0,,,,,,,,,,27,https://www.aetna.com/individuals-families/member-rights-resources/how-an-individual-plan-works.html,https://apellica.com/insurer-denial-rates/illinois/aetna-health-inc-a-pa-corp
2025,2023,IL,99129,Aetna Health Inc. (a PA corp.),167244,33764,0.2019,18091,11389,53,26,0.4906,,,,14,https://www.aetna.com/individuals-families/member-rights-resources/how-an-individual-plan-works.html,https://apellica.com/insurer-denial-rates/illinois/aetna-health-inc-a-pa-corp
2024,2022,IL,72547,Aetna Life Insurance Company,0,0,,,,,,,,,,9,https://www.aetna.com/individuals-families/member-rights-resources/how-an-individual-plan-works.html,https://apellica.com/insurer-denial-rates/illinois/aetna-life-insurance-company
2025,2023,IL,72547,Aetna Life Insurance Company,0,0,,,,,,,,,,2,https://www.aetna.com/individuals-families/member-rights-resources/how-an-individual-plan-works.html,https://apellica.com/insurer-denial-rates/illinois/aetna-life-insurance-company
2024,2022,IL,36096,Blue Cross Blue Shield of Illinois,14686160,2230111,0.1519,645450,,814,253,0.3108,41,16,0.3902,218,https://www.bcbsil.com/insurance-basics/how-health-insurance-works/transparency-in-coverage,https://apellica.com/insurer-denial-rates/illinois/blue-cross-blue-shield-of-illinois
2025,2023,IL,36096,Blue Cross Blue Shield of Illinois,10556396,2169193,0.2055,401870,145788,2232,694,0.3109,84,41,0.4881,220,https://www.bcbsil.com/insurance-basics/coverage-information/transparency-in-coverage,https://apellica.com/insurer-denial-rates/illinois/blue-cross-blue-shield-of-illinois
2024,2022,IL,27833,Celtic Insurance Company,1465595,273732,0.1868,575585,,383,185,0.483,,,,26,https://www.ambetterofillinois.com/resources/handbooks-forms/transparency-notice-2024.html,https://apellica.com/insurer-denial-rates/illinois/celtic-insurance-company
2025,2023,IL,27833,Celtic Insurance Company,1681947,230759,0.1372,362141,68350,314,140,0.4459,,,,17,https://www.ambetterofillinois.com/resources/handbooks-forms/transparency-notice-2025.html,https://apellica.com/insurer-denial-rates/illinois/celtic-insurance-company
2024,2022,IL,53882,"Cigna HealthCare of Illinois, Inc.",400177,97334,0.2432,24515,,64,26,0.4063,,,,14,https://www.cigna.com/ifp-transparency,https://apellica.com/insurer-denial-rates/illinois/cigna-healthcare-of-illinois-inc
2025,2023,IL,53882,"Cigna HealthCare of Illinois, Inc.",347240,90407,0.2604,25748,23722,53,24,0.4528,,0,,6,https://www.cigna.com/ifp-transparency,https://apellica.com/insurer-denial-rates/illinois/cigna-healthcare-of-illinois-inc
2024,2022,IL,20129,"Health Alliance Medical Plans, Inc.",1434025,167432,0.1168,19724,,227,102,0.4493,17,,,11,https://www.healthalliance.org/plan-support-materials,https://apellica.com/insurer-denial-rates/illinois/health-alliance-medical-plans-inc
2025,2023,IL,20129,"Health Alliance Medical Plans, Inc.",1507897,187861,0.1246,33400,1734,221,88,0.3982,18,,,14,https://www.healthalliance.org/plan-support-materials,https://apellica.com/insurer-denial-rates/illinois/health-alliance-medical-plans-inc
2024,2022,IL,65280,Medica Central Health Plan,30650,6512,0.2125,4087,,,,,,,,11,https://www.wellfirsthealth.com/Legal/Business-transparency,https://apellica.com/insurer-denial-rates/illinois/medica-central-health-plan
2024,2022,IL,54322,"MercyCare HMO, Inc.",52032,5948,0.1143,2601,,,,,,,,5,https://www.mercycarehealthplans.com/transparency-in-coverage/,https://apellica.com/insurer-denial-rates/illinois/mercycare-hmo-inc
2025,2023,IL,54322,"MercyCare HMO, Inc.",67263,7524,0.1119,2660,1052,,,,0,0,0,5,https://www.mercycarehealthplans.com/transparency-in-coverage/,https://apellica.com/insurer-denial-rates/illinois/mercycare-hmo-inc
2024,2022,IL,32355,"Molina Healthcare of Illinois, Inc.",1417,389,0.2745,638,,25,,,,,,7,https://www.molinamarketplace.com/marketplace/il/en-us/FAQ.aspx,https://apellica.com/insurer-denial-rates/illinois/molina-healthcare-of-illinois-inc
2025,2023,IL,32355,"Molina Healthcare of Illinois, Inc.",91489,31949,0.3492,10178,4677,34,13,0.3824,,,,7,https://www.molinamarketplace.com/marketplace/il/en-us/FAQ.aspx,https://apellica.com/insurer-denial-rates/illinois/molina-healthcare-of-illinois-inc
2024,2022,IL,11574,"Oscar Health Plan, Inc.",46808,7597,0.1623,7794,,63,45,0.7143,,,,20,https://www.hioscar.com/il_tic_2024,https://apellica.com/insurer-denial-rates/illinois/oscar-health-plan-inc
2025,2023,IL,11574,"Oscar Health Plan, Inc.",49013,10211,0.2083,10823,7445,722,238,0.3296,11,0,0,13,https://hioscar.com/il_tic_2025,https://apellica.com/insurer-denial-rates/illinois/oscar-health-plan-inc
2024,2022,IL,85773,Quartz Health Benefit Plans Corporation,70893,7481,0.1055,639,,18,,,,,1,44,https://quartzbenefits.com/transparency,https://apellica.com/insurer-denial-rates/illinois/quartz-health-benefit-plans-corporation
2025,2023,IL,85773,Quartz Health Benefit Plans Corporation,71597,4921,0.0687,1282,763,18,,,0,0,0,36,https://quartzbenefits.com/transparency,https://apellica.com/insurer-denial-rates/illinois/quartz-health-benefit-plans-corporation
2024,2022,IL,42529,"UnitedHealthcare of Illinois, Inc.",177262,62212,0.351,54922,,239,116,0.4854,,,,16,http://www.uhc.com/transparency,https://apellica.com/insurer-denial-rates/illinois/unitedhealthcare-of-illinois-inc
2025,2023,IL,42529,"UnitedHealthcare of Illinois, Inc.",486710,181665,0.3733,93250,68012,691,271,0.3922,,,,13,https://www.uhc.com/transparency,https://apellica.com/insurer-denial-rates/illinois/unitedhealthcare-of-illinois-inc
2024,2022,IN,96992,Aetna Health Inc. (a PA corp.),0,0,,,,,,,,,,9,https://www.aetna.com/individuals-families/member-rights-resources/how-an-individual-plan-works.html,https://apellica.com/insurer-denial-rates/indiana/aetna-health-inc-a-pa-corp
2025,2023,IN,96992,Aetna Health Inc. (a PA corp.),0,0,,,,,,,,,,14,https://www.aetna.com/individuals-families/member-rights-resources/how-an-individual-plan-works.html,https://apellica.com/insurer-denial-rates/indiana/aetna-health-inc-a-pa-corp
2024,2022,IN,17575,Anthem Ins Companies Inc(Anthem BCBS),187370,52045,0.2778,77280,,167,40,0.2395,,,,14,http://www.anthem.com/ms/claims/home.html,https://apellica.com/insurer-denial-rates/indiana/anthem-ins-companies-inc-anthem-bcbs
2025,2023,IN,17575,Anthem Ins Companies Inc(Anthem BCBS),765012,77614,0.1015,263765,134069,829,353,0.4258,,,,14,https://www.anthem.com/ms/claims/home.html,https://apellica.com/insurer-denial-rates/indiana/anthem-ins-companies-inc-anthem-bcbs
2026,2024,IN,17575,Anthem Ins Companies Inc(Anthem BCBS),2552004,267110,0.1047,1001953,540076,1174,359,0.3058,,0,,15,https://www.anthem.com/ms/claims/home.html,https://apellica.com/insurer-denial-rates/indiana/anthem-ins-companies-inc-anthem-bcbs
2024,2022,IN,54192,"CareSource Indiana, Inc.",3454952,645757,0.1869,243231,,113,19,0.1681,32,12,0.375,21,https://www.caresource.com/in/plans/marketplace/plan-documents/general-plan-information/,https://apellica.com/insurer-denial-rates/indiana/caresource-indiana-inc
2025,2023,IN,54192,"CareSource Indiana, Inc.",2965521,576156,0.1943,227135,173340,100,30,0.3,83,83,1,22,https://www.caresource.com/in/plans/marketplace/plan-documents/general-plan-information/,https://apellica.com/insurer-denial-rates/indiana/caresource-indiana-inc
2026,2024,IN,54192,"CareSource Indiana, Inc.",3524662,638511,0.1812,221570,161542,5621,935,0.1663,436,111,0.2546,22,https://www.caresource.com/in/plans/marketplace/plan-documents/general-plan-information/,https://apellica.com/insurer-denial-rates/indiana/caresource-indiana-inc
2024,2022,IN,76179,Celtic Insurance Company,2837226,405541,0.1429,209703,,809,278,0.3436,33,,0.303,26,https://ambetter.mhsindiana.com/resources/handbooks-forms/transparency-notice-2024.html,https://apellica.com/insurer-denial-rates/indiana/celtic-insurance-company
2024,2022,IN,94419,Cigna Health and Life Insurance Company,0,0,,,,,,,,,,12,https://www.cigna.com/ifp-transparency,https://apellica.com/insurer-denial-rates/indiana/cigna-health-and-life-insurance-company
2025,2023,IN,94419,Cigna Health and Life Insurance Company,349189,97127,0.2782,82273,69467,51,23,0.451,0,0,0,8,https://www.cigna.com/ifp-transparency,https://apellica.com/insurer-denial-rates/indiana/cigna-health-and-life-insurance-company
2026,2024,IN,94419,Cigna Health and Life Insurance Company,384617,75221,0.1956,44826,42338,67,33,0.4925,,0,,18,https://www.cigna.com/individuals-families/shop-plans/transparency-in-coverage,https://apellica.com/insurer-denial-rates/indiana/cigna-health-and-life-insurance-company
2025,2023,IN,35065,Coordinated Care Corporation Indiana,0,0,,,,,,,,,,17,https://ambetter.mhsindiana.com/resources/handbooks-forms/transparency-notice-2025.html,https://apellica.com/insurer-denial-rates/indiana/coordinated-care-corporation-indiana
2026,2024,IN,35065,Coordinated Care Corporation Indiana,0,0,,,,,,,,,,10,https://ambetter.mhsindiana.com/resources/handbooks-forms/transparency-notice-2025.html,https://apellica.com/insurer-denial-rates/indiana/coordinated-care-corporation-indiana
2025,2023,IN,72850,UnitedHealthcare Insurance Company,0,0,,,,,,,,,,16,https://www.uhc.com/transparency,https://apellica.com/insurer-denial-rates/indiana/unitedhealthcare-insurance-company
2026,2024,IN,72850,UnitedHealthcare Insurance Company,0,0,,,,,,,,,,15,https://www.uhc.com/transparency,https://apellica.com/insurer-denial-rates/indiana/unitedhealthcare-insurance-company
2024,2022,IN,35755,US HEALTH AND LIFE INSURANCE COMPANY,11006,3685,0.3348,3054,,25,15,0.6,,,,7,https://www.ascensionpersonalizedcare.com/members-home/member-resources/understanding-benefits/transparency-in-coverage,https://apellica.com/insurer-denial-rates/indiana/us-health-and-life-insurance-company
2024,2022,KS,84600,Aetna Life Insurance Company,0,0,,,,,,,,,,9,https://www.aetna.com/individuals-families/member-rights-resources/how-an-individual-plan-works.html,https://apellica.com/insurer-denial-rates/kansas/aetna-life-insurance-company
2025,2023,KS,84600,Aetna Life Insurance Company,0,0,,,,,,,,,,14,https://www.aetna.com/individuals-families/member-rights-resources/how-an-individual-plan-works.html,https://apellica.com/insurer-denial-rates/kansas/aetna-life-insurance-company
2024,2022,KS,94248,Blue Cross and Blue Shield of Kansas City,125691,25771,0.205,4373,,31,18,0.5806,,,1,11,https://www.bluekc.com/consumer/coverage-terms-and-processes.html,https://apellica.com/insurer-denial-rates/kansas/blue-cross-and-blue-shield-of-kansas-city
2025,2023,KS,94248,Blue Cross and Blue Shield of Kansas City,111483,23072,0.207,2526,2105,27,12,0.4444,,,,8,https://www.bluekc.com/consumer/coverage-terms-and-processes.html,https://apellica.com/insurer-denial-rates/kansas/blue-cross-and-blue-shield-of-kansas-city
2026,2024,KS,94248,Blue Cross and Blue Shield of Kansas City,102463,20939,0.2044,2334,1923,44,17,0.3864,0,0,0,9,https://www.bluekc.com/coverage-terms-and-processes/,https://apellica.com/insurer-denial-rates/kansas/blue-cross-and-blue-shield-of-kansas-city
2024,2022,KS,18558,"Blue Cross and Blue Shield of Kansas, Inc.",1796316,242993,0.1353,41545,,227,85,0.3744,21,,0.47619999999999996,9,https://www.bcbsks.com/company-info/transparency-in-coverage,https://apellica.com/insurer-denial-rates/kansas/blue-cross-and-blue-shield-of-kansas-inc
2025,2023,KS,18558,"Blue Cross and Blue Shield of Kansas, Inc.",1239867,145732,0.1175,53941,34390,207,97,0.4686,57,21,0.3684,9,https://www.bcbsks.com/company-info/transparency-in-coverage,https://apellica.com/insurer-denial-rates/kansas/blue-cross-and-blue-shield-of-kansas-inc
2026,2024,KS,18558,"Blue Cross and Blue Shield of Kansas, Inc.",1042704,134229,0.1287,58174,37482,174,96,0.5517,12,,,9,https://www.bcbsks.com/company-info/transparency-in-coverage,https://apellica.com/insurer-denial-rates/kansas/blue-cross-and-blue-shield-of-kansas-inc
2024,2022,KS,34368,Celtic Insurance Company,2648334,385818,0.1457,178790,,710,439,0.6183,31,12,0.3871,24,https://ambetter.sunflowerhealthplan.com/resources/handbooks-forms/transparency-notice-2024.html,https://apellica.com/insurer-denial-rates/kansas/celtic-insurance-company
2025,2023,KS,34368,Celtic Insurance Company,3613719,487012,0.1348,284439,64522,1343,639,0.4758,27,20,0.7407,17,https://ambetter.sunflowerhealthplan.com/resources/handbooks-forms/transparency-notice-2025.html,https://apellica.com/insurer-denial-rates/kansas/celtic-insurance-company
2026,2024,KS,34368,Celtic Insurance Company,3865491,734165,0.1899,337936,65340,1121,20,0.0178,17,0,0,17,https://www.ambetterhealth.com/en/ks/resources/handbooks-forms/transparency-notice-2026,https://apellica.com/insurer-denial-rates/kansas/celtic-insurance-company
2024,2022,KS,39520,Medica Insurance Company,116430,24510,0.2105,7870,,78,35,0.4487,0,0,,14,https://www.Medica.com/tips2024,https://apellica.com/insurer-denial-rates/kansas/medica-insurance-company
2025,2023,KS,39520,Medica Insurance Company,70039,15020,0.2145,4449,3688,53,20,0.3774,0,0,0,9,https://www.medica.com/transparency-in-coverage,https://apellica.com/insurer-denial-rates/kansas/medica-insurance-company
2026,2024,KS,39520,Medica Insurance Company,56889,14017,0.2464,3416,2987,27,12,0.4444,,,,9,https://www.medica.com/transparency-in-coverage,https://apellica.com/insurer-denial-rates/kansas/medica-insurance-company
2024,2022,KS,43490,Oscar Insurance Company,56496,7102,0.1257,8629,,35,21,0.6,,,1,12,https://hioscar.com/ks_tic_2024,https://apellica.com/insurer-denial-rates/kansas/oscar-insurance-company
2025,2023,KS,43490,Oscar Insurance Company,37896,7449,0.1966,3876,2065,403,220,0.5459,,0,,9,https://hioscar.com/ks_tic_2025,https://apellica.com/insurer-denial-rates/kansas/oscar-insurance-company
2026,2024,KS,43490,Oscar Insurance Company,296092,77239,0.2609,84629,46238,4096,1440,0.3516,80,15,0.1875,7,https://hioscar.com/ks_tic_2026,https://apellica.com/insurer-denial-rates/kansas/oscar-insurance-company
2024,2022,KS,94968,UnitedHealthcare Insurance Company,0,0,,,,,,,,,,12,https://www.uhc.com/transparency,https://apellica.com/insurer-denial-rates/kansas/unitedhealthcare-insurance-company
2025,2023,KS,94968,UnitedHealthcare Insurance Company,321820,115457,0.3588,91731,66332,691,271,0.3922,,,,15,https://www.uhc.com/transparency,https://apellica.com/insurer-denial-rates/kansas/unitedhealthcare-insurance-company
2026,2024,KS,94968,UnitedHealthcare Insurance Company,935058,167716,0.1794,210209,130303,915,288,0.3148,,0,,15,https://www.uhc.com/transparency,https://apellica.com/insurer-denial-rates/kansas/unitedhealthcare-insurance-company
2024,2022,KS,32542,US Health and Life Insurance Company,17485,5720,0.3271,4057,,23,15,0.6522,,,,7,https://www.ascensionpersonalizedcare.com/members-home/member-resources/understanding-benefits/transparency-in-coverage,https://apellica.com/insurer-denial-rates/kansas/us-health-and-life-insurance-company
2024,2022,LA,90787,"Ambetter Health of Louisiana, Inc.",0,0,,,,,,,,,,22,https://ambetter.louisianahealthconnect.com/resources/handbooks-forms/transparency-notice-2024.html,https://apellica.com/insurer-denial-rates/louisiana/ambetter-health-of-louisiana-inc
2025,2023,LA,90787,"Ambetter Health of Louisiana, Inc.",0,0,,,,,,,,,,17,https://ambetter.louisianahealthconnect.com/resources/handbooks-forms/transparency-notice-2025.html,https://apellica.com/insurer-denial-rates/louisiana/ambetter-health-of-louisiana-inc
2026,2024,LA,90787,"Ambetter Health of Louisiana, Inc.",1704183,326106,0.1914,406869,111146,289,,,,0,,17,https://www.ambetterhealth.com/en/la/resources/handbooks-forms/transparency-notice-2026,https://apellica.com/insurer-denial-rates/louisiana/ambetter-health-of-louisiana-inc
2026,2024,LA,38246,"AmeriHealth Caritas Louisiana, Inc.",0,0,,,,,,,,,,8,https://www.amerihealthcaritasnext.com/la/transparency-in-coverage-2026.aspx,https://apellica.com/insurer-denial-rates/louisiana/amerihealth-caritas-louisiana-inc
2024,2022,LA,98780,CHRISTUS Health Plan Louisiana,20583,1615,0.0785,7996,,49,17,0.3469,,,,27,https://christushealthplan.org/member-resources/coverage/individual-family-plans/transparency-in-coverage,https://apellica.com/insurer-denial-rates/louisiana/christus-health-plan-louisiana
2025,2023,LA,98780,CHRISTUS Health Plan Louisiana,81774,14107,0.1725,40491,21756,260,27,0.1038,0,0,0,45,https://www.christushealthplan.org/member-resources/coverage/individual-family-plans/transparency-in-coverage,https://apellica.com/insurer-denial-rates/louisiana/christus-health-plan-louisiana
2026,2024,LA,98780,CHRISTUS Health Plan Louisiana,154775,22585,0.1459,84097,44261,1566,641,0.4093,0,0,0,15,https://www.christushealthplan.org/member-resources/transparency-in-coverage,https://apellica.com/insurer-denial-rates/louisiana/christus-health-plan-louisiana
2024,2022,LA,19636,"HMO Louisiana, Inc.",3605654,574165,0.1592,557352,,1428,490,0.3431,116,47,0.4052,31,https://www.bcbsla.com/footer/transparencyhmola,https://apellica.com/insurer-denial-rates/louisiana/hmo-louisiana-inc
2025,2023,LA,19636,"HMO Louisiana, Inc.",4538750,755465,0.1664,517687,11182,1696,586,0.3455,145,46,0.3172,35,https://www.bcbsla.com/footer/transparencyhmola,https://apellica.com/insurer-denial-rates/louisiana/hmo-louisiana-inc
2026,2024,LA,19636,"HMO Louisiana, Inc.",5472870,993016,0.1814,556952,9504,1813,602,0.332,247,56,0.2267,40,https://www.lablue.com/footer/transparencyhmola,https://apellica.com/insurer-denial-rates/louisiana/hmo-louisiana-inc
2024,2022,LA,97176,Louisiana Health Service & Indemnity Company,328768,41584,0.1265,25080,,95,32,0.3368,,,,9,https://www.bcbsla.com/footer/transparencylahsic,https://apellica.com/insurer-denial-rates/louisiana/louisiana-health-service-and-indemnity-company
2025,2023,LA,97176,Louisiana Health Service & Indemnity Company,594185,79444,0.1337,48828,4077,213,75,0.3521,20,,,8,https://www.bcbsla.com/footer/transparencylahsic,https://apellica.com/insurer-denial-rates/louisiana/louisiana-health-service-and-indemnity-company
2026,2024,LA,97176,Louisiana Health Service & Indemnity Company,992770,147920,0.149,80498,8666,364,117,0.3214,41,,,8,https://www.lablue.com/footer/transparencylahsic,https://apellica.com/insurer-denial-rates/louisiana/louisiana-health-service-and-indemnity-company
2024,2022,LA,69842,UnitedHealthcare Insurance Company,42885,14442,0.3368,26157,,53,20,0.3774,,,,12,https://www.uhc.com/transparency,https://apellica.com/insurer-denial-rates/louisiana/unitedhealthcare-insurance-company
2025,2023,LA,69842,UnitedHealthcare Insurance Company,182887,75075,0.4105,103550,76869,143,33,0.2308,,0,,13,https://www.uhc.com/transparency,https://apellica.com/insurer-denial-rates/louisiana/unitedhealthcare-insurance-company
2026,2024,LA,69842,UnitedHealthcare Insurance Company,1031551,248739,0.2411,521755,301175,521,182,0.3493,,,,13,https://www.uhc.com/transparency,https://apellica.com/insurer-denial-rates/louisiana/unitedhealthcare-insurance-company
2024,2022,MI,98185,Blue Care Network of Michigan,3394251,600034,0.1768,119710,,196,166,0.8469,43,,0.23260000000000003,27,http://www.bcbsm.com/coveragetransparency,https://apellica.com/insurer-denial-rates/michigan/blue-care-network-of-michigan
2025,2023,MI,98185,Blue Care Network of Michigan,3039317,553611,0.1821,101602,76650,123,109,0.8862,39,,,22,https://www.bcbsm.com/what-to-know-about-aca-plans/index/,https://apellica.com/insurer-denial-rates/michigan/blue-care-network-of-michigan
2026,2024,MI,98185,Blue Care Network of Michigan,3398397,630298,0.1855,125642,96908,210,180,0.8571,65,,,20,https://www.bcbsm.com/what-to-know-about-aca-plans/index/,https://apellica.com/insurer-denial-rates/michigan/blue-care-network-of-michigan
2024,2022,MI,15560,Blue Cross Blue Shield of Michigan Mutual Insurance Company,1291509,177498,0.1374,255710,,140,48,0.3429,45,,,9,http://www.bcbsm.com/coveragetransparency,https://apellica.com/insurer-denial-rates/michigan/blue-cross-blue-shield-of-michigan-mutual-insurance-company
2025,2023,MI,15560,Blue Cross Blue Shield of Michigan Mutual Insurance Company,1423397,207020,0.1454,265331,58308,175,69,0.3943,289,53,0.1834,9,https://www.bcbsm.com/what-to-know-about-aca-plans/index/,https://apellica.com/insurer-denial-rates/michigan/blue-cross-blue-shield-of-michigan-mutual-insurance-company
2026,2024,MI,15560,Blue Cross Blue Shield of Michigan Mutual Insurance Company,1807844,236257,0.1307,434890,74902,203,95,0.468,78,,,9,https://www.bcbsm.com/what-to-know-about-aca-plans/index/,https://apellica.com/insurer-denial-rates/michigan/blue-cross-blue-shield-of-michigan-mutual-insurance-company
2025,2023,MI,40356,HAP CareSource,0,0,,,,,,,,,,17,https://www.caresource.com/mi/plans/marketplace/plan-documents/general-plan-information/,https://apellica.com/insurer-denial-rates/michigan/hap-caresource
2026,2024,MI,40356,HAP CareSource,0,0,,,,,,,,,,29,https://www.caresource.com/mi/plans/marketplace/plan-documents/general-plan-information/,https://apellica.com/insurer-denial-rates/michigan/hap-caresource
2024,2022,MI,74917,McLaren Health Plan Community,138807,9983,0.0719,7962,,69,56,0.8116,,,,12,https://www.mclarenhealthplan.org/mclaren-health-plan/claims-payment-information-mhp,https://apellica.com/insurer-denial-rates/michigan/mclaren-health-plan-community
2025,2023,MI,74917,McLaren Health Plan Community,142038,22744,0.1601,8321,7867,27,20,0.7407,0,0,0,9,https://www.mclarenhealthplan.org/mclaren-health-plan/claims-payment-information-mhp,https://apellica.com/insurer-denial-rates/michigan/mclaren-health-plan-community
2026,2024,MI,74917,McLaren Health Plan Community,100136,19916,0.1989,8797,7988,17,15,0.8824,0,0,0,9,https://www.mclarenhealthplan.org/mclaren-health-plan/claims-payment-information-mhp,https://apellica.com/insurer-denial-rates/michigan/mclaren-health-plan-community
2024,2022,MI,58594,"Meridian Health Plan of Michigan, Inc.",741382,129724,0.175,125800,,211,124,0.5877,,,,27,https://www.ambettermeridian.com/resources/handbooks-forms/transparency-notice-2024.html,https://apellica.com/insurer-denial-rates/michigan/meridian-health-plan-of-michigan-inc
2025,2023,MI,58594,"Meridian Health Plan of Michigan, Inc.",1250223,231404,0.1851,191490,45713,341,135,0.3959,,,,17,https://www.ambettermeridian.com/resources/handbooks-forms/transparency-notice-2025.html,https://apellica.com/insurer-denial-rates/michigan/meridian-health-plan-of-michigan-inc
2026,2024,MI,58594,"Meridian Health Plan of Michigan, Inc.",3404769,941541,0.2765,788871,117882,844,,,,0,,9,https://www.ambetterhealth.com/en/mi/resources/handbooks-forms/transparency-notice-2026,https://apellica.com/insurer-denial-rates/michigan/meridian-health-plan-of-michigan-inc
2024,2022,MI,40047,"Molina Healthcare of Michigan, Inc.",132379,20063,0.1516,10741,,167,49,0.2934,18,,,7,https://www.molinamarketplace.com/marketplace/mi/en-us/FAQ.aspx,https://apellica.com/insurer-denial-rates/michigan/molina-healthcare-of-michigan-inc
2025,2023,MI,40047,"Molina Healthcare of Michigan, Inc.",516902,127780,0.2472,32309,18054,116,52,0.4483,,0,,7,https://www.molinamarketplace.com/marketplace/mi/en-us/FAQ.aspx,https://apellica.com/insurer-denial-rates/michigan/molina-healthcare-of-michigan-inc
2024,2022,MI,77739,Oscar Insurance Company,28038,3016,0.1076,4115,,49,22,0.449,,,1,12,https://www.hioscar.com/mi_tic_2024,https://apellica.com/insurer-denial-rates/michigan/oscar-insurance-company
2025,2023,MI,77739,Oscar Insurance Company,19725,3811,0.1932,2750,1683,305,155,0.5082,,,,9,https://hioscar.com/mi_tic_2025,https://apellica.com/insurer-denial-rates/michigan/oscar-insurance-company
2026,2024,MI,77739,Oscar Insurance Company,54216,14778,0.2726,9741,5953,596,183,0.307,46,11,0.2391,9,https://hioscar.com/mi_tic_2026,https://apellica.com/insurer-denial-rates/michigan/oscar-insurance-company
2024,2022,MI,29698,Priority Health,2980362,197730,0.0663,119331,,394,18,0.0457,42,,,49,https://www.priorityhealth.com/individual-family-health-insurance/using-your-plan,https://apellica.com/insurer-denial-rates/michigan/priority-health
2025,2023,MI,29698,Priority Health,3354862,225909,0.0673,97330,39528,125,30,0.24,32,,,49,https://www.priorityhealth.com/individual-family-health-insurance/using-your-plan,https://apellica.com/insurer-denial-rates/michigan/priority-health
2026,2024,MI,29698,Priority Health,4106893,324164,0.0789,113292,44180,130,28,0.2154,,0,,49,https://www.priorityhealth.com/individual-family-health-insurance/using-your-plan,https://apellica.com/insurer-denial-rates/michigan/priority-health
2024,2022,MI,71667,"UnitedHealthcare Community Plan, Inc.",77954,25778,0.3307,20069,,66,25,0.3788,,,,16,https://www.uhc.com/transparency,https://apellica.com/insurer-denial-rates/michigan/unitedhealthcare-community-plan-inc
2025,2023,MI,71667,"UnitedHealthcare Community Plan, Inc.",197757,76422,0.3864,60995,41314,198,47,0.2374,0,0,0,13,https://www.uhc.com/transparency,https://apellica.com/insurer-denial-rates/michigan/unitedhealthcare-community-plan-inc
2026,2024,MI,71667,"UnitedHealthcare Community Plan, Inc.",780202,204912,0.2626,330437,190513,671,159,0.237,0,0,0,13,https://www.uhc.com/transparency,https://apellica.com/insurer-denial-rates/michigan/unitedhealthcare-community-plan-inc
2024,2022,MI,60829,University of Michigan Health Plan,325878,60035,0.1842,19959,,25,11,0.44,,,1,10,https://www.phpmichigan.com/Members/Get-Answers-FAQS,https://apellica.com/insurer-denial-rates/michigan/university-of-michigan-health-plan
2025,2023,MI,60829,University of Michigan Health Plan,406649,74036,0.1821,30464,23330,35,11,0.3143,0,0,0,10,https://www.phpmichigan.com/Members/Get-Answers-FAQS,https://apellica.com/insurer-denial-rates/michigan/university-of-michigan-health-plan
2024,2022,MO,48161,Aetna Life Insurance Company,171086,28555,0.1669,12626,,17,,,,,,27,https://www.aetna.com/individuals-families/member-rights-resources/how-an-individual-plan-works.html,https://apellica.com/insurer-denial-rates/missouri/aetna-life-insurance-company
2025,2023,MO,48161,Aetna Life Insurance Company,694487,132463,0.1907,53222,27793,71,31,0.4366,0,0,0,10,https://www.aetna.com/individuals-families/member-rights-resources/how-an-individual-plan-works.html,https://apellica.com/insurer-denial-rates/missouri/aetna-life-insurance-company
2024,2022,MO,34762,Blue Cross and Blue Shield of Kansas City,201892,40451,0.2004,6702,,60,28,0.4667,,,,15,https://www.bluekc.com/consumer/coverage-terms-and-processes.html,https://apellica.com/insurer-denial-rates/missouri/blue-cross-and-blue-shield-of-kansas-city
2025,2023,MO,34762,Blue Cross and Blue Shield of Kansas City,164345,33913,0.2064,3609,2934,38,,,,0,,12,https://www.bluekc.com/consumer/coverage-terms-and-processes/,https://apellica.com/insurer-denial-rates/missouri/blue-cross-and-blue-shield-of-kansas-city
2026,2024,MO,34762,Blue Cross and Blue Shield of Kansas City,152989,31697,0.2072,3260,2865,91,30,0.3297,0,0,0,14,https://www.bluekc.com/coverage-terms-and-processes/,https://apellica.com/insurer-denial-rates/missouri/blue-cross-and-blue-shield-of-kansas-city
2024,2022,MO,99723,Celtic Insurance Company,5979736,851074,0.1423,382083,,1374,814,0.5924,26,,,28,https://ambetter.homestatehealth.com/resources/handbooks-forms/transparency-notice-2024.html,https://apellica.com/insurer-denial-rates/missouri/celtic-insurance-company
2025,2023,MO,99723,Celtic Insurance Company,5605715,749839,0.1338,384767,86237,0,0,0,0,0,0,17,https://ambetter.homestatehealth.com/resources/handbooks-forms/transparency-notice-2025.html,https://apellica.com/insurer-denial-rates/missouri/celtic-insurance-company
2026,2024,MO,99723,Celtic Insurance Company,5919313,1113385,0.1881,590539,137813,,0,,0,0,0,17,https://www.ambetterhealth.com/en/mo/resources/handbooks-forms/transparency-notice-2026,https://apellica.com/insurer-denial-rates/missouri/celtic-insurance-company
2024,2022,MO,96384,Cox Health Systems Insurance Company,5638,1005,0.1783,143,,,,,,,,8,https://www.thinkinghealthforward.com/files/CHP-Claims-Payment-Policies-Other-Information-py2020.pdf,https://apellica.com/insurer-denial-rates/missouri/cox-health-systems-insurance-company
2025,2023,MO,96384,Cox Health Systems Insurance Company,7205,1079,0.1498,212,212,,0,,,0,,7,https://www.thinkinghealthforward.com/files/CHP-Claims-Payment-Policies-Other-Information-py2020.pdf,https://apellica.com/insurer-denial-rates/missouri/cox-health-systems-insurance-company
2026,2024,MO,96384,Cox Health Systems Insurance Company,99299,14549,0.1465,3676,3672,24,11,0.4583,0,0,0,7,https://www.thinkinghealthforward.com/files/CHP-Claims-Payment-Policies-Other-Information-py2020.pdf,https://apellica.com/insurer-denial-rates/missouri/cox-health-systems-insurance-company
2024,2022,MO,32753,Healthy Alliance Life Co(Anthem BCBS),1613136,354979,0.2201,48102,,128,43,0.3359,,,,12,http://www.anthem.com/ms/claims/home.html,https://apellica.com/insurer-denial-rates/missouri/healthy-alliance-life-co-anthem-bcbs
2025,2023,MO,32753,Healthy Alliance Life Co(Anthem BCBS),2591355,184969,0.0714,148594,74158,185,74,0.4,0,0,0,10,https://www.anthem.com/ms/claims/home.html,https://apellica.com/insurer-denial-rates/missouri/healthy-alliance-life-co-anthem-bcbs
2026,2024,MO,32753,Healthy Alliance Life Co(Anthem BCBS),3941746,295802,0.075,307614,131639,270,98,0.363,0,0,0,20,https://www.anthem.com/ms/claims/home.html,https://apellica.com/insurer-denial-rates/missouri/healthy-alliance-life-co-anthem-bcbs
2024,2022,MO,47840,Medica Central Insurance Company,231026,47452,0.2054,19812,,82,35,0.4268,,,,14,https://wellfirstbenefits.com/Legal/Business-transparency,https://apellica.com/insurer-denial-rates/missouri/medica-central-insurance-company
2025,2023,MO,47840,Medica Central Insurance Company,164918,26150,0.1586,13616,5198,39,15,0.3846,0,0,0,10,https://mo-central.medica.com/Legal/Business-transparency,https://apellica.com/insurer-denial-rates/missouri/medica-central-insurance-company
2026,2024,MO,47840,Medica Central Insurance Company,62815,13403,0.2134,1388,1129,20,,,0,0,0,10,https://www.medica.com/find-care/select-your-individual-and-family-plan/wfh/legal/business-transparency,https://apellica.com/insurer-denial-rates/missouri/medica-central-insurance-company
2024,2022,MO,53461,Medica Insurance Company,669658,114296,0.1707,33354,,330,175,0.5303,0,0,,30,https://www.medica.com/tips2024,https://apellica.com/insurer-denial-rates/missouri/medica-insurance-company
2025,2023,MO,53461,Medica Insurance Company,423618,88018,0.2078,22519,18017,220,97,0.4409,0,0,0,30,https://www.medica.com/transparency-in-coverage,https://apellica.com/insurer-denial-rates/missouri/medica-insurance-company
2026,2024,MO,53461,Medica Insurance Company,406622,95180,0.2341,15692,12444,208,100,0.4808,0,0,0,30,https://www.medica.com/transparency-in-coverage,https://apellica.com/insurer-denial-rates/missouri/medica-insurance-company
2024,2022,MO,69512,Oscar Insurance Company,141734,17164,0.1211,27672,,174,92,0.5287,,,,12,https://www.hioscar.com/mo_tic_2024,https://apellica.com/insurer-denial-rates/missouri/oscar-insurance-company
2025,2023,MO,69512,Oscar Insurance Company,88515,19243,0.2174,13446,7979,974,479,0.4918,13,0,0,9,https://hioscar.com/mo_tic_2025,https://apellica.com/insurer-denial-rates/missouri/oscar-insurance-company
2026,2024,MO,69512,Oscar Insurance Company,544633,133294,0.2447,123605,56006,5920,1884,0.3182,53,13,0.2453,12,https://hioscar.com/mo_tic_2026,https://apellica.com/insurer-denial-rates/missouri/oscar-insurance-company
2024,2022,MO,95426,UnitedHealthcare Insurance Company,0,0,,,,,,,,,,13,https://www.uhc.com/transparency,https://apellica.com/insurer-denial-rates/missouri/unitedhealthcare-insurance-company
2025,2023,MO,95426,UnitedHealthcare Insurance Company,468826,124591,0.2658,107192,75538,589,176,0.2988,,,,13,https://www.uhc.com/transparency,https://apellica.com/insurer-denial-rates/missouri/unitedhealthcare-insurance-company
2026,2024,MO,95426,UnitedHealthcare Insurance Company,1070569,203531,0.1901,388139,244949,1119,386,0.345,,0,,13,https://www.uhc.com/transparency,https://apellica.com/insurer-denial-rates/missouri/unitedhealthcare-insurance-company
2024,2022,MS,90714,Ambetter of Magnolia Inc.,6554752,910311,0.1389,375838,,653,355,0.5436,,,,23,https://www.ambettermeridian.com/resources/handbooks-forms/transparency-notice-2024.html,https://apellica.com/insurer-denial-rates/mississippi/ambetter-of-magnolia-inc
2025,2023,MS,90714,Ambetter of Magnolia Inc.,8387542,1146839,0.1367,508654,169379,953,425,0.446,0,0,0,17,https://ambetter.magnoliahealthplan.com/resources/handbooks-forms/transparency-notice-2025.html,https://apellica.com/insurer-denial-rates/mississippi/ambetter-of-magnolia-inc
2026,2024,MS,90714,Ambetter of Magnolia Inc.,11374142,1824195,0.1604,852494,196741,1147,0,0,0,0,0,17,https://www.ambetterhealth.com/en/ms/resources/handbooks-forms/transparency-notice-2026,https://apellica.com/insurer-denial-rates/mississippi/ambetter-of-magnolia-inc
2024,2022,MS,56766,Cigna Health and Life Insurance Company,498924,125555,0.2517,41465,,51,18,0.3529,,,,12,https://www.cigna.com/ifp-transparency,https://apellica.com/insurer-denial-rates/mississippi/cigna-health-and-life-insurance-company
2025,2023,MS,56766,Cigna Health and Life Insurance Company,783392,200728,0.2562,49273,43656,95,38,0.4,0,0,0,10,https://www.cigna.com/ifp-transparency,https://apellica.com/insurer-denial-rates/mississippi/cigna-health-and-life-insurance-company
2026,2024,MS,56766,Cigna Health and Life Insurance Company,2495922,691183,0.2769,113128,103807,257,125,0.4864,,,,10,https://www.cigna.com/individuals-families/shop-plans/transparency-in-coverage,https://apellica.com/insurer-denial-rates/mississippi/cigna-health-and-life-insurance-company
2024,2022,MS,79975,"Molina Healthcare of Mississippi, Inc",126068,18934,0.1502,9568,,134,39,0.291,,,,9,https://www.molinamarketplace.com/marketplace/ms/en-us/FAQ.aspx,https://apellica.com/insurer-denial-rates/mississippi/molina-healthcare-of-mississippi-inc
2025,2023,MS,79975,"Molina Healthcare of Mississippi, Inc",254307,58905,0.2316,12989,8221,28,12,0.4286,0,0,0,9,https://www.molinamarketplace.com/marketplace/ms/en-us/FAQ.aspx,https://apellica.com/insurer-denial-rates/mississippi/molina-healthcare-of-mississippi-inc
2026,2024,MS,79975,"Molina Healthcare of Mississippi, Inc",687896,142847,0.2077,69473,31219,87,54,0.6207,0,0,0,2,https://www.molinamarketplace.com/marketplace/ms/en-us/FAQ.aspx,https://apellica.com/insurer-denial-rates/mississippi/molina-healthcare-of-mississippi-inc
2026,2024,MS,20635,"Oscar Health Plan, Inc.",0,0,,,,,,,,,,7,https://hioscar.com/ms_tic_2026,https://apellica.com/insurer-denial-rates/mississippi/oscar-health-plan-inc
2024,2022,MS,14624,"Primewell Health Services of Mississippi, Inc.",25568,4269,0.167,8406,,,,,,,,8,https://vantagehealthplan.com/documents/Members/TransparencyInCoverage.pdf,https://apellica.com/insurer-denial-rates/mississippi/primewell-health-services-of-mississippi-inc
2025,2023,MS,14624,"Primewell Health Services of Mississippi, Inc.",105044,17122,0.163,4776,1380,61,42,0.6885,0,0,0,7,https://www.primewellhealth.com/documents/Exchange/TransparencyinCoverage_8.8.2024.pdf,https://apellica.com/insurer-denial-rates/mississippi/primewell-health-services-of-mississippi-inc
2024,2022,MS,97560,"UnitedHealthcare of Mississippi, Inc.",0,0,,,,,,,,,,13,https://www.uhc.com/transparency,https://apellica.com/insurer-denial-rates/mississippi/unitedhealthcare-of-mississippi-inc
2025,2023,MS,97560,"UnitedHealthcare of Mississippi, Inc.",145357,46398,0.3192,23495,16308,64,21,0.3281,,0,,15,https://www.uhc.com/transparency,https://apellica.com/insurer-denial-rates/mississippi/unitedhealthcare-of-mississippi-inc
2026,2024,MS,97560,"UnitedHealthcare of Mississippi, Inc.",314752,67514,0.2145,50616,30602,196,61,0.3112,0,0,0,15,https://www.uhc.com/transparency,https://apellica.com/insurer-denial-rates/mississippi/unitedhealthcare-of-mississippi-inc
2024,2022,MT,30751,Blue Cross and Blue Shield of Montana,902193,122466,0.1357,27625,,308,78,0.2532,,,,61,https://www.bcbsmt.com/insurance-basics/coverage-information/transparency-in-coverage,https://apellica.com/insurer-denial-rates/montana/blue-cross-and-blue-shield-of-montana
2025,2023,MT,30751,Blue Cross and Blue Shield of Montana,237510,93689,0.3945,16284,4549,232,61,0.2629,,,,67,https://www.bcbsmt.com/insurance-basics/coverage-information/transparency-in-coverage,https://apellica.com/insurer-denial-rates/montana/blue-cross-and-blue-shield-of-montana
2026,2024,MT,30751,Blue Cross and Blue Shield of Montana,1143888,142689,0.1247,80885,18878,336,104,0.3095,16,,,67,https://www.bcbsmt.com/member/transparency-in-coverage,https://apellica.com/insurer-denial-rates/montana/blue-cross-and-blue-shield-of-montana
2024,2022,MT,32225,Montana Health Cooperative,90720,2005,0.0221,2326,,30,,,,,,39,https://mountainhealth.coop/members/#your-coverage,https://apellica.com/insurer-denial-rates/montana/montana-health-cooperative
2025,2023,MT,32225,Montana Health Cooperative,694579,39839,0.0574,62472,26119,1419,320,0.2255,27,,,33,https://mountainhealth.coop/members/,https://apellica.com/insurer-denial-rates/montana/montana-health-cooperative
2026,2024,MT,32225,Montana Health Cooperative,868851,91410,0.1052,59430,22338,1163,279,0.2399,16,,,18,https://mountainhealth.coop/members/,https://apellica.com/insurer-denial-rates/montana/montana-health-cooperative
2024,2022,MT,23603,PacificSource Health Plans,410171,15272,0.0372,7252,,1977,1531,0.7744,13,,,9,https://pacificsource.com/yourplan/,https://apellica.com/insurer-denial-rates/montana/pacificsource-health-plans
2025,2023,MT,23603,PacificSource Health Plans,164025,4831,0.0295,6791,5257,977,226,0.2313,0,0,0,8,https://pacificsource.com/members/learn-about-my-plan,https://apellica.com/insurer-denial-rates/montana/pacificsource-health-plans
2026,2024,MT,23603,PacificSource Health Plans,41,0,,316,49,39,,,,0,,8,https://pacificsource.com/yourplan/,https://apellica.com/insurer-denial-rates/montana/pacificsource-health-plans
2024,2022,NC,61671,Aetna Health Inc. (a PA corp.),799637,134490,0.1682,637137,,153,89,0.5817,,,,11,https://www.aetna.com/individuals-families/member-rights-resources/how-an-individual-plan-works.html,https://apellica.com/insurer-denial-rates/north-carolina/aetna-health-inc-a-pa-corp
2025,2023,NC,61671,Aetna Health Inc. (a PA corp.),8579391,1330377,0.1551,657842,363435,658,295,0.4483,,,,14,https://www.aetna.com/individuals-families/member-rights-resources/how-an-individual-plan-works.html,https://apellica.com/insurer-denial-rates/north-carolina/aetna-health-inc-a-pa-corp
2024,2022,NC,77264,Ambetter of North Carolina Inc.,1118533,190418,0.1702,122349,,465,276,0.5935,,,,45,https://www.ambetterofnorthcarolina.com/resources/handbooks-forms/transparency-notice-2024.html,https://apellica.com/insurer-denial-rates/north-carolina/ambetter-of-north-carolina-inc
2025,2023,NC,77264,Ambetter of North Carolina Inc.,3494752,535759,0.1533,729910,112710,1202,493,0.4101,,,,31,https://www.ambetterofnorthcarolina.com/resources/handbooks-forms/transparency-notice-2025.html,https://apellica.com/insurer-denial-rates/north-carolina/ambetter-of-north-carolina-inc
2026,2024,NC,77264,Ambetter of North Carolina Inc.,4295438,924286,0.2152,850630,158416,1238,,,,0,,33,https://www.ambetterhealth.com/en/nc/resources/handbooks-forms/transparency-notice-2026,https://apellica.com/insurer-denial-rates/north-carolina/ambetter-of-north-carolina-inc
2024,2022,NC,17414,"AmeriHealth Caritas North Carolina, Inc.",817,310,0.3794,111,,,,,,,,6,https://www.amerihealthcaritasnext.com/nc/transparency-in-coverage.aspx,https://apellica.com/insurer-denial-rates/north-carolina/amerihealth-caritas-north-carolina-inc
2025,2023,NC,17414,"AmeriHealth Caritas North Carolina, Inc.",207490,81208,0.3914,41250,25649,48,34,0.7083,0,0,0,8,https://www.amerihealthcaritasnext.com/nc/transparency-in-coverage-2025.aspx,https://apellica.com/insurer-denial-rates/north-carolina/amerihealth-caritas-north-carolina-inc
2026,2024,NC,17414,"AmeriHealth Caritas North Carolina, Inc.",387771,109227,0.2817,68313,30381,74,47,0.6351,0,0,0,8,https://www.amerihealthcaritasnext.com/nc/transparency-in-coverage-2026.aspx,https://apellica.com/insurer-denial-rates/north-carolina/amerihealth-caritas-north-carolina-inc
2024,2022,NC,11512,Blue Cross and Blue Shield of NC,17691687,3337685,0.1887,863428,,1372,475,0.3462,47,25,0.5319,146,https://www.bluecrossnc.com/members/transparency-coverage,https://apellica.com/insurer-denial-rates/north-carolina/blue-cross-and-blue-shield-of-nc
2025,2023,NC,11512,Blue Cross and Blue Shield of NC,18257563,3451238,0.189,828734,280629,1861,665,0.3573,77,41,0.5325,99,https://www.bluecrossnc.com/members/health-plans/forms-resources/transparency-coverage,https://apellica.com/insurer-denial-rates/north-carolina/blue-cross-and-blue-shield-of-nc
2026,2024,NC,11512,Blue Cross and Blue Shield of NC,16183703,3116071,0.1925,776255,101642,2160,779,0.3606,88,44,0.5,117,https://www.bluecrossnc.com/members/health-plans/forms-resources/transparency-coverage,https://apellica.com/insurer-denial-rates/north-carolina/blue-cross-and-blue-shield-of-nc
2024,2022,NC,13591,CareSource North Carolina Co.,0,0,,,,,,,,,,14,https://www.caresource.com/nc/plans/marketplace/plan-documents/general-plan-information/,https://apellica.com/insurer-denial-rates/north-carolina/caresource-north-carolina-co
2025,2023,NC,13591,CareSource North Carolina Co.,7190,2433,0.3384,3515,2458,0,0,0,0,0,0,19,https://www.caresource.com/nc/plans/marketplace/plan-documents/general-plan-information/,https://apellica.com/insurer-denial-rates/north-carolina/caresource-north-carolina-co
2026,2024,NC,13591,CareSource North Carolina Co.,158212,44782,0.2831,49496,32072,728,95,0.1305,,0,,21,https://www.caresource.com/nc/plans/marketplace/plan-documents/general-plan-information/,https://apellica.com/insurer-denial-rates/north-carolina/caresource-north-carolina-co
2024,2022,NC,44007,Celtic Insurance Company,2856,1193,0.4177,5456,,,,,,,,6,https://marketplace.wellcarenc.com/resources/handbooks-forms/transparency-notice-2024.html,https://apellica.com/insurer-denial-rates/north-carolina/celtic-insurance-company
2025,2023,NC,44007,Celtic Insurance Company,3145,1140,0.3625,5861,721,,0,,0,0,0,6,https://www.ambetterofnorthcarolina.com/resources/handbooks-forms/transparency-notice-2025.html,https://apellica.com/insurer-denial-rates/north-carolina/celtic-insurance-company
2024,2022,NC,73943,"Cigna HealthCare of North Carolina, Inc.",746707,121708,0.163,47471,,97,21,0.2165,,,,11,https://www.cigna.com/ifp-transparency,https://apellica.com/insurer-denial-rates/north-carolina/cigna-healthcare-of-north-carolina-inc
2025,2023,NC,73943,"Cigna HealthCare of North Carolina, Inc.",1043043,178998,0.1716,69455,59680,140,33,0.2357,,0,,7,https://www.cigna.com/individuals-families/plans-services/transparency-in-coverage,https://apellica.com/insurer-denial-rates/north-carolina/cigna-healthcare-of-north-carolina-inc
2026,2024,NC,73943,"Cigna HealthCare of North Carolina, Inc.",1009831,162599,0.161,69246,64396,150,39,0.26,,,,17,https://www.cigna.com/individuals-families/shop-plans/transparency-in-coverage,https://apellica.com/insurer-denial-rates/north-carolina/cigna-healthcare-of-north-carolina-inc
2024,2022,NC,69803,"Oscar Health Plan of North Carolina, Inc",11057,1749,0.1582,4182,,19,,,,,,13,https://hioscar.com/nc_tic_2024,https://apellica.com/insurer-denial-rates/north-carolina/oscar-health-plan-of-north-carolina-inc
2025,2023,NC,69803,"Oscar Health Plan of North Carolina, Inc",5363,1223,0.228,2178,1667,71,26,0.3662,0,0,0,20,https://hioscar.com/nc_tic_2025,https://apellica.com/insurer-denial-rates/north-carolina/oscar-health-plan-of-north-carolina-inc
2026,2024,NC,69803,"Oscar Health Plan of North Carolina, Inc",81081,17549,0.2164,26311,15993,875,320,0.3657,34,12,0.3529,26,https://hioscar.com/nc_tic_2026,https://apellica.com/insurer-denial-rates/north-carolina/oscar-health-plan-of-north-carolina-inc
2024,2022,NC,54332,"UnitedHealthcare of North Carolina, Inc",1647443,491960,0.2986,180705,,1229,568,0.4622,,,,15,https://www.uhc.com/transparency,https://apellica.com/insurer-denial-rates/north-carolina/unitedhealthcare-of-north-carolina-inc
2025,2023,NC,54332,"UnitedHealthcare of North Carolina, Inc",1461941,436437,0.2985,175986,133832,1513,625,0.4131,,,,13,https://www.uhc.com/transparency,https://apellica.com/insurer-denial-rates/north-carolina/unitedhealthcare-of-north-carolina-inc
2026,2024,NC,54332,"UnitedHealthcare of North Carolina, Inc",1601659,339054,0.2117,261882,176928,1407,526,0.3738,,,,13,https://www.uhc.com/transparency,https://apellica.com/insurer-denial-rates/north-carolina/unitedhealthcare-of-north-carolina-inc
2024,2022,ND,37160,Blue Cross Blue Shield of North Dakota,690642,77379,0.112,4444,,109,43,0.3945,,,,14,https://www.bcbsnd.com/privacy-legal/transparency-in-coverage,https://apellica.com/insurer-denial-rates/north-dakota/blue-cross-blue-shield-of-north-dakota
2025,2023,ND,37160,Blue Cross Blue Shield of North Dakota,606207,89205,0.1472,5146,18673,141,48,0.3404,,,,13,https://www.bcbsnd.com/privacy-legal/transparency-in-coverage,https://apellica.com/insurer-denial-rates/north-dakota/blue-cross-blue-shield-of-north-dakota
2026,2024,ND,37160,Blue Cross Blue Shield of North Dakota,717367,96964,0.1352,7251,12362,177,79,0.4463,0,0,0,14,https://www.bcbsnd.com/privacy-legal/transparency-in-coverage,https://apellica.com/insurer-denial-rates/north-dakota/blue-cross-blue-shield-of-north-dakota
2024,2022,ND,73751,Medica Health Plans,54794,8656,0.158,1864,,17,,,0,0,,27,https://www.medica.com/tips2024,https://apellica.com/insurer-denial-rates/north-dakota/medica-health-plans
2025,2023,ND,73751,Medica Health Plans,53942,10572,0.196,2440,2304,29,14,0.4828,0,0,0,27,https://www.medica.com/transparency-in-coverage,https://apellica.com/insurer-denial-rates/north-dakota/medica-health-plans
2026,2024,ND,73751,Medica Health Plans,72125,15098,0.2093,2662,2463,40,15,0.375,0,0,0,27,https://www.medica.com/transparency-in-coverage,https://apellica.com/insurer-denial-rates/north-dakota/medica-health-plans
2024,2022,ND,89364,Sanford Health Plan,565568,25790,0.0456,12681,,168,98,0.5833,,,,26,https://www.sanfordhealthplan.com/members/claims-payment-information,https://apellica.com/insurer-denial-rates/north-dakota/sanford-health-plan
2025,2023,ND,89364,Sanford Health Plan,420859,20447,0.0486,16963,8488,135,86,0.637,,,,18,https://www.sanfordhealthplan.com/members/claims-payment-information,https://apellica.com/insurer-denial-rates/north-dakota/sanford-health-plan
2026,2024,ND,89364,Sanford Health Plan,642746,28533,0.0444,20854,10773,147,96,0.6531,,,,18,https://www.sanfordhealthplan.com/members/claims-payment-information,https://apellica.com/insurer-denial-rates/north-dakota/sanford-health-plan
2024,2022,NE,29678,Blue Cross and Blue Shield of Nebraska,0,0,,,,,,,,,,29,https://www.nebraskablue.com/About-Us/Policies-and-Best-Practices/TCR-CAA,https://apellica.com/insurer-denial-rates/nebraska/blue-cross-and-blue-shield-of-nebraska
2025,2023,NE,29678,Blue Cross and Blue Shield of Nebraska,520183,87307,0.1678,23088,22918,802,193,0.2406,13,,,48,https://www.nebraskablue.com/About-Us/Policies-and-Best-Practices/TCR-CAA,https://apellica.com/insurer-denial-rates/nebraska/blue-cross-and-blue-shield-of-nebraska
2026,2024,NE,29678,Blue Cross and Blue Shield of Nebraska,590006,91925,0.1558,18822,18718,870,198,0.2276,17,,,78,https://www.nebraskablue.com/About-Us/Policies-and-Best-Practices/TCR-CAA,https://apellica.com/insurer-denial-rates/nebraska/blue-cross-and-blue-shield-of-nebraska
2026,2024,NE,13484,Celtic Insurance Company,0,0,,,,,,,,,,17,https://www.ambetterhealth.com/en/ne/resources/handbooks-forms/transparency-notice-2026,https://apellica.com/insurer-denial-rates/nebraska/celtic-insurance-company
2024,2022,NE,20305,Medica Insurance Company,1785628,294260,0.1648,75491,,781,405,0.5186,,,,32,https://www.medica.com/tips2024,https://apellica.com/insurer-denial-rates/nebraska/medica-insurance-company
2025,2023,NE,20305,Medica Insurance Company,1463354,258233,0.1765,48870,38378,903,406,0.4496,16,,,36,https://www.medica.com/transparency-in-coverage,https://apellica.com/insurer-denial-rates/nebraska/medica-insurance-company
2026,2024,NE,20305,Medica Insurance Company,1322366,281819,0.2131,45007,37200,720,355,0.4931,11,,,36,https://www.medica.com/transparency-in-coverage,https://apellica.com/insurer-denial-rates/nebraska/medica-insurance-company
2024,2022,NE,26289,"Nebraska Total Care, Inc.",517970,71525,0.1381,49074,,204,117,0.5735,,,,26,https://ambetter.nebraskatotalcare.com/resources/handbooks-forms/transparency-notice-2024.html,https://apellica.com/insurer-denial-rates/nebraska/nebraska-total-care-inc
2025,2023,NE,26289,"Nebraska Total Care, Inc.",1472850,180442,0.1225,101892,24760,552,267,0.4837,12,,,17,https://ambetter.nebraskatotalcare.com/resources/handbooks-forms/transparency-notice-2025.html,https://apellica.com/insurer-denial-rates/nebraska/nebraska-total-care-inc
2024,2022,NE,57424,Oscar Insurance Company,116419,14715,0.1264,6945,,102,50,0.4902,,,1,13,https://hioscar.com/ne_tic_2024,https://apellica.com/insurer-denial-rates/nebraska/oscar-insurance-company
2025,2023,NE,57424,Oscar Insurance Company,23767,4349,0.183,1230,1009,801,464,0.5793,,,,10,https://hioscar.com/ne_tic_2025,https://apellica.com/insurer-denial-rates/nebraska/oscar-insurance-company
2026,2024,NE,57424,Oscar Insurance Company,46889,10186,0.2172,2288,2044,950,437,0.46,16,,,23,https://hioscar.com/ne_tic_2026,https://apellica.com/insurer-denial-rates/nebraska/oscar-insurance-company
2025,2023,NE,73102,UnitedHealthcare Insurance Company,0,0,,,,,,,,,,14,https://www.uhc.com/transparency,https://apellica.com/insurer-denial-rates/nebraska/unitedhealthcare-insurance-company
2026,2024,NE,73102,UnitedHealthcare Insurance Company,0,0,,,,,,,,,,14,https://www.uhc.com/transparency,https://apellica.com/insurer-denial-rates/nebraska/unitedhealthcare-insurance-company
2024,2022,NH,57601,Anthem Health Plans of NH(Anthem BCBS),13551,2459,0.1815,2727,,190,93,0.4895,,,,60,http://www.anthem.com/ms/claims/home.html,https://apellica.com/insurer-denial-rates/new-hampshire/anthem-health-plans-of-nh-anthem-bcbs
2025,2023,NH,57601,Anthem Health Plans of NH(Anthem BCBS),21685,3165,0.146,4123,679,196,85,0.4337,0,0,0,27,https://www.anthem.com/ms/claims/home.html,https://apellica.com/insurer-denial-rates/new-hampshire/anthem-health-plans-of-nh-anthem-bcbs
2026,2024,NH,57601,Anthem Health Plans of NH(Anthem BCBS),28677,2555,0.0891,4704,751,160,71,0.4438,,0,,26,https://www.anthem.com/ms/claims/home.html,https://apellica.com/insurer-denial-rates/new-hampshire/anthem-health-plans-of-nh-anthem-bcbs
2025,2023,NH,13219,"Boston Medical Center Health Plan, Inc.",0,0,,,,,,,,,,7,https://www.wellsense.org/about-us/accessing-your-health-information,https://apellica.com/insurer-denial-rates/new-hampshire/boston-medical-center-health-plan-inc
2026,2024,NH,13219,"Boston Medical Center Health Plan, Inc.",0,0,,,,,,,,,,7,https://www.wellsense.org/about-us/accessing-your-health-information,https://apellica.com/insurer-denial-rates/new-hampshire/boston-medical-center-health-plan-inc
2024,2022,NH,75841,Celtic Insurance Company,892450,154238,0.1728,49570,,321,221,0.6885,,,,20,https://ambetter.nhhealthyfamilies.com/resources/handbooks-forms/transparency-notice-2024.html,https://apellica.com/insurer-denial-rates/new-hampshire/celtic-insurance-company
2025,2023,NH,75841,Celtic Insurance Company,724455,87720,0.1211,30886,9542,424,304,0.717,0,0,0,18,https://ambetter.nhhealthyfamilies.com/resources/handbooks-forms/transparency-notice-2024.html,https://apellica.com/insurer-denial-rates/new-hampshire/celtic-insurance-company
2026,2024,NH,75841,Celtic Insurance Company,759938,133926,0.1762,30063,8997,31,18,0.5806,,,,18,https://www.ambetterhealth.com/en/nh/resources/handbooks-forms/transparency-notice-2025/,https://apellica.com/insurer-denial-rates/new-hampshire/celtic-insurance-company
2024,2022,NH,59025,Harvard Pilgrim Health Care of NE,149497,31314,0.2095,656,,63,35,0.5556,,,,13,https://www.harvardpilgrim.org/public/transparency#section-1471936619762,https://apellica.com/insurer-denial-rates/new-hampshire/harvard-pilgrim-health-care-of-ne
2025,2023,NH,59025,Harvard Pilgrim Health Care of NE,110436,28102,0.2545,309,255,43,23,0.5349,,0,,9,https://www.harvardpilgrim.org/public/transparency#section-1471936619762,https://apellica.com/insurer-denial-rates/new-hampshire/harvard-pilgrim-health-care-of-ne
2026,2024,NH,59025,Harvard Pilgrim Health Care of NE,117211,33754,0.288,39,39,84,28,0.3333,0,0,0,9,https://www.harvardpilgrim.org/public/transparency,https://apellica.com/insurer-denial-rates/new-hampshire/harvard-pilgrim-health-care-of-ne
2024,2022,NH,96751,Matthew Thornton Hlth Plan(Anthem BCBS),1251436,246037,0.1966,39466,,75,36,0.48,,,,74,http://www.anthem.com/ms/claims/home.html,https://apellica.com/insurer-denial-rates/new-hampshire/matthew-thornton-hlth-plan-anthem-bcbs
2025,2023,NH,96751,Matthew Thornton Hlth Plan(Anthem BCBS),1899917,377477,0.1987,56515,36565,244,89,0.3648,0,0,0,66,https://www.anthem.com/ms/claims/home.html,https://apellica.com/insurer-denial-rates/new-hampshire/matthew-thornton-hlth-plan-anthem-bcbs
2026,2024,NH,96751,Matthew Thornton Hlth Plan(Anthem BCBS),2199992,153654,0.0698,47282,25338,396,166,0.4192,0,0,0,64,https://www.anthem.com/ms/claims/home.html,https://apellica.com/insurer-denial-rates/new-hampshire/matthew-thornton-hlth-plan-anthem-bcbs
2024,2022,OH,84867,Aetna Health Inc. (a PA corp.),0,0,,,,,,,,,,9,https://www.aetna.com/individuals-families/member-rights-resources/how-an-individual-plan-works.html,https://apellica.com/insurer-denial-rates/ohio/aetna-health-inc-a-pa-corp
2025,2023,OH,84867,Aetna Health Inc. (a PA corp.),0,0,,,,,,,,,,13,https://www.aetna.com/individuals-families/member-rights-resources/how-an-individual-plan-works.html,https://apellica.com/insurer-denial-rates/ohio/aetna-health-inc-a-pa-corp
2025,2023,OH,31981,Antidote Health Plan of Ohio,0,0,,,,,,,,,,16,https://www.antidotehealth.com/insurance/coverage-transparency,https://apellica.com/insurer-denial-rates/ohio/antidote-health-plan-of-ohio
2026,2024,OH,31981,Antidote Health Plan of Ohio,0,0,,,,,,,,,,16,https://www.antidotehealth.com/legal/transparency-in-coverage,https://apellica.com/insurer-denial-rates/ohio/antidote-health-plan-of-ohio
2024,2022,OH,28162,AultCare Insurance Company,223790,42971,0.192,13924,,56,36,0.6429,,,,32,https://www.aultcare.com/assets/transparency/Transparency_Claims-Payment-Policies.pdf,https://apellica.com/insurer-denial-rates/ohio/aultcare-insurance-company
2025,2023,OH,28162,AultCare Insurance Company,263962,51849,0.1964,17977,5550,74,32,0.4324,,,,26,https://www.aultcare.com/assets/transparency/Transparency_Claims-Payment-Policies.pdf,https://apellica.com/insurer-denial-rates/ohio/aultcare-insurance-company
2024,2022,OH,41047,Buckeye Community Health Plan,2267859,504400,0.2224,210368,,1178,872,0.7402,,,,24,https://ambetter.buckeyehealthplan.com/resources/handbooks-forms/transparency-notice-2024.html,https://apellica.com/insurer-denial-rates/ohio/buckeye-community-health-plan
2025,2023,OH,41047,Buckeye Community Health Plan,2964447,427746,0.1443,283165,81292,604,391,0.6474,,,,17,https://ambetter.buckeyehealthplan.com/resources/handbooks-forms/transparency-notice-2025.html,https://apellica.com/insurer-denial-rates/ohio/buckeye-community-health-plan
2026,2024,OH,41047,Buckeye Community Health Plan,3673782,714834,0.1946,407347,105758,333,198,0.5946,,,,17,https://www.ambetterhealth.com/en/oh/resources/handbooks-forms/transparency-notice-2026,https://apellica.com/insurer-denial-rates/ohio/buckeye-community-health-plan
2024,2022,OH,77552,"CareSource Ohio, Inc.",2238460,444660,0.1986,200578,,533,227,0.4259,25,,,16,https://www.caresource.com/oh/plans/marketplace/plan-documents/general-plan-information/,https://apellica.com/insurer-denial-rates/ohio/caresource-ohio-inc
2025,2023,OH,77552,"CareSource Ohio, Inc.",2082858,445243,0.2138,194848,129875,257,111,0.4319,59,23,0.3898,19,https://www.caresource.com/oh/plans/marketplace/plan-documents/general-plan-information/,https://apellica.com/insurer-denial-rates/ohio/caresource-ohio-inc
2026,2024,OH,77552,"CareSource Ohio, Inc.",2814185,562546,0.1999,271798,160547,5001,952,0.1904,263,47,0.1787,21,https://www.caresource.com/oh/plans/marketplace/plan-documents/general-plan-information/,https://apellica.com/insurer-denial-rates/ohio/caresource-ohio-inc
2024,2022,OH,29276,Community Insurance Company(Anthem BCBS),1463787,325920,0.2227,121364,,389,94,0.2416,,,1,14,http://anthem.com/claims,https://apellica.com/insurer-denial-rates/ohio/community-insurance-company-anthem-bcbs
2025,2023,OH,29276,Community Insurance Company(Anthem BCBS),3309316,731789,0.2211,248466,164768,793,259,0.3266,,,,12,https://www.anthem.com/ms/claims/home.html,https://apellica.com/insurer-denial-rates/ohio/community-insurance-company-anthem-bcbs
2026,2024,OH,29276,Community Insurance Company(Anthem BCBS),3535080,294314,0.0833,306758,195583,841,225,0.2675,,0,,12,https://www.anthem.com/ms/claims/home.html,https://apellica.com/insurer-denial-rates/ohio/community-insurance-company-anthem-bcbs
2024,2022,OH,99969,Medical Health Insuring Corp. of Ohio,1859204,192874,0.1037,74595,,632,356,0.5633,12,,,16,https://www.medmutual.com/Individuals-and-Families/Transparency-In-Qualified-Health-Coverage,https://apellica.com/insurer-denial-rates/ohio/medical-health-insuring-corp-of-ohio
2025,2023,OH,99969,Medical Health Insuring Corp. of Ohio,1725912,227431,0.1318,82156,73123,1017,541,0.532,22,,,13,https://www.medmutual.com/Individuals-and-Families/Transparency-In-Qualified-Health-Coverage,https://apellica.com/insurer-denial-rates/ohio/medical-health-insuring-corp-of-ohio
2026,2024,OH,99969,Medical Health Insuring Corp. of Ohio,1320144,198720,0.1505,39919,38093,657,421,0.6408,21,,,13,https://www.medmutual.com/Individuals-and-Families/Transparency-In-Qualified-Health-Coverage,https://apellica.com/insurer-denial-rates/ohio/medical-health-insuring-corp-of-ohio
2024,2022,OH,64353,"Molina Healthcare of Ohio, Inc.",611173,137574,0.2251,41896,,546,191,0.3498,15,,,7,https://www.molinamarketplace.com/marketplace/oh/en-us/FAQ.aspx,https://apellica.com/insurer-denial-rates/ohio/molina-healthcare-of-ohio-inc
2025,2023,OH,64353,"Molina Healthcare of Ohio, Inc.",1220402,294198,0.2411,97895,41889,516,153,0.2965,,,,10,https://www.molinamarketplace.com/marketplace/oh/en-us/FAQ.aspx,https://apellica.com/insurer-denial-rates/ohio/molina-healthcare-of-ohio-inc
2026,2024,OH,64353,"Molina Healthcare of Ohio, Inc.",1975213,428806,0.2171,223180,92942,216,108,0.5,,,,22,https://www.molinamarketplace.com/marketplace/oh/en-us/FAQ.aspx,https://apellica.com/insurer-denial-rates/ohio/molina-healthcare-of-ohio-inc
2024,2022,OH,29341,Oscar Buckeye State Insurance Corp.,397995,52812,0.1327,51622,,276,139,0.5036,,,,14,https://www.hioscar.com/ohb_tic_2024,https://apellica.com/insurer-denial-rates/ohio/oscar-buckeye-state-insurance-corp
2025,2023,OH,29341,Oscar Buckeye State Insurance Corp.,130353,24643,0.189,19534,9503,1745,777,0.4453,34,,,11,https://hioscar.com/ohb_tic_2025,https://apellica.com/insurer-denial-rates/ohio/oscar-buckeye-state-insurance-corp
2026,2024,OH,29341,Oscar Buckeye State Insurance Corp.,1276642,337922,0.2647,633889,356571,18709,4700,0.2512,394,101,0.2563,16,https://hioscar.com/ohb_tic_2026,https://apellica.com/insurer-denial-rates/ohio/oscar-buckeye-state-insurance-corp
2024,2022,OH,45845,Oscar Insurance Corporation of Ohio,591198,65413,0.1106,19615,,335,172,0.5134,,,,15,https://hioscar.com/ohc_tic_2024,https://apellica.com/insurer-denial-rates/ohio/oscar-insurance-corporation-of-ohio
2025,2023,OH,45845,Oscar Insurance Corporation of Ohio,152068,14491,0.0953,6136,3808,1758,788,0.4482,42,,,12,https://hioscar.com/ohc_tic_2025,https://apellica.com/insurer-denial-rates/ohio/oscar-insurance-corporation-of-ohio
2026,2024,OH,45845,Oscar Insurance Corporation of Ohio,610423,121739,0.1994,28712,19484,8186,2789,0.3407,255,67,0.2627,17,https://hioscar.com/ohc_tic_2026,https://apellica.com/insurer-denial-rates/ohio/oscar-insurance-corporation-of-ohio
2024,2022,OH,74313,Paramount Insurance Company,106069,15017,0.1416,4683,,29,21,0.7241,,,,18,https://www.paramounthealthcare.com/plans/marketplace/transparency,https://apellica.com/insurer-denial-rates/ohio/paramount-insurance-company
2025,2023,OH,74313,Paramount Insurance Company,143428,22062,0.1538,7634,3611,29,21,0.7241,0,0,0,20,https://www.paramounthealthcare.com/plans/marketplace/transparency,https://apellica.com/insurer-denial-rates/ohio/paramount-insurance-company
2026,2024,OH,74313,Paramount Insurance Company,110549,15746,0.1424,4564,2382,30,22,0.7333,0,0,0,26,https://www.paramounthealthcare.com/plans/marketplace/transparency,https://apellica.com/insurer-denial-rates/ohio/paramount-insurance-company
2024,2022,OH,52664,"Summa Insurance Company, Inc.",194475,44158,0.2271,20474,,170,114,0.6706,,,,14,https://www.summacare.com/insurance-basics/transparency-in-coverage,https://apellica.com/insurer-denial-rates/ohio/summa-insurance-company-inc
2025,2023,OH,52664,"Summa Insurance Company, Inc.",231936,57441,0.2477,16567,10856,244,168,0.6885,,,,17,https://www.summacare.com/insurance-basics/transparency-in-coverage,https://apellica.com/insurer-denial-rates/ohio/summa-insurance-company-inc
2026,2024,OH,52664,"Summa Insurance Company, Inc.",197767,51591,0.2609,17856,10848,319,245,0.768,,,,18,https://www.summacare.com/insurance-basics/transparency-in-coverage,https://apellica.com/insurer-denial-rates/ohio/summa-insurance-company-inc
2024,2022,OH,33931,"UnitedHealthcare of Ohio, Inc.",0,0,,,,,,,,,,16,https://uhc.com/transparency,https://apellica.com/insurer-denial-rates/ohio/unitedhealthcare-of-ohio-inc
2025,2023,OH,33931,"UnitedHealthcare of Ohio, Inc.",345239,125776,0.3643,103121,69116,342,161,0.4708,,,,18,https://www.uhc.com/transparency,https://apellica.com/insurer-denial-rates/ohio/unitedhealthcare-of-ohio-inc
2026,2024,OH,33931,"UnitedHealthcare of Ohio, Inc.",895840,208089,0.2323,339753,201832,944,330,0.3496,21,,,17,https://www.uhc.com/transparency,https://apellica.com/insurer-denial-rates/ohio/unitedhealthcare-of-ohio-inc
2024,2022,OK,87571,Blue Cross Blue Shield of Oklahoma,7664353,1144634,0.1493,286991,,644,178,0.2764,15,,,93,https://www.bcbsok.com/insurance-basics/coverage-information/transparency-in-coverage,https://apellica.com/insurer-denial-rates/oklahoma/blue-cross-blue-shield-of-oklahoma
2025,2023,OK,87571,Blue Cross Blue Shield of Oklahoma,8359015,1960087,0.2345,531826,184436,1581,376,0.2378,59,22,0.3729,88,https://www.bcbsok.com/insurance-basics/coverage-information/transparency-in-coverage,https://apellica.com/insurer-denial-rates/oklahoma/blue-cross-blue-shield-of-oklahoma
2026,2024,OK,87571,Blue Cross Blue Shield of Oklahoma,8439891,1385537,0.1642,856070,280000,4404,1305,0.2963,50,22,0.44,92,https://www.bcbsok.com/member/transparency-in-coverage,https://apellica.com/insurer-denial-rates/oklahoma/blue-cross-blue-shield-of-oklahoma
2024,2022,OK,62505,Celtic Insurance Company,120901,27634,0.2286,41613,,52,24,0.4615,,,,22,https://www.ambetterofoklahoma.com/resources/handbooks-forms/transparency-notice-2024.html,https://apellica.com/insurer-denial-rates/oklahoma/celtic-insurance-company
2025,2023,OK,62505,Celtic Insurance Company,803944,170942,0.2126,245712,34432,279,97,0.3477,,0,,15,https://www.ambetterofoklahoma.com/resources/handbooks-forms/transparency-notice-2025.html,https://apellica.com/insurer-denial-rates/oklahoma/celtic-insurance-company
2026,2024,OK,62505,Celtic Insurance Company,1824797,438378,0.2402,488729,59946,446,,,,0,,21,https://www.ambetterhealth.com/en/ok/resources/handbooks-forms/transparency-notice-2026,https://apellica.com/insurer-denial-rates/oklahoma/celtic-insurance-company
2024,2022,OK,98905,CommunityCare HMO Inc.,189554,18554,0.0979,10243,,88,59,0.6705,,,,11,https://www.ccok.com/Plans-and-Coverage/Group/Claims-Payment-Info-HMO.asp,https://apellica.com/insurer-denial-rates/oklahoma/communitycare-hmo-inc
2025,2023,OK,98905,CommunityCare HMO Inc.,164431,16854,0.1025,9055,2661,142,69,0.4859,0,0,0,10,https://www.ccok.com/Plans-and-Coverage/Group/Claims-Payment-Info-HMO.asp,https://apellica.com/insurer-denial-rates/oklahoma/communitycare-hmo-inc
2026,2024,OK,98905,CommunityCare HMO Inc.,435151,74500,0.1712,22878,8360,204,103,0.5049,,,,14,https://www.ccok.com/Plans-and-Coverage/Group/Claims-Payment-Info-HMO.asp,https://apellica.com/insurer-denial-rates/oklahoma/communitycare-hmo-inc
2024,2022,OK,21333,Medica Insurance Company,397303,87492,0.2202,57102,,160,66,0.4125,,,,20,https://www.Medica.com/tips2024,https://apellica.com/insurer-denial-rates/oklahoma/medica-insurance-company
2025,2023,OK,21333,Medica Insurance Company,359100,85961,0.2394,45931,22780,130,66,0.5077,,,,30,https://www.medica.com/transparency-in-coverage,https://apellica.com/insurer-denial-rates/oklahoma/medica-insurance-company
2026,2024,OK,21333,Medica Insurance Company,398541,103679,0.2601,47354,25606,144,92,0.6389,0,0,0,30,https://www.medica.com/transparency-in-coverage,https://apellica.com/insurer-denial-rates/oklahoma/medica-insurance-company
2024,2022,OK,91908,Oscar Insurance Company,112573,16348,0.1452,18984,,92,63,0.6848,,,,11,https://hioscar.com/ok_tic_2024,https://apellica.com/insurer-denial-rates/oklahoma/oscar-insurance-company
2025,2023,OK,91908,Oscar Insurance Company,238001,51193,0.2151,78489,22549,1974,776,0.3931,11,,,10,https://hioscar.com/ok_tic_2025,https://apellica.com/insurer-denial-rates/oklahoma/oscar-insurance-company
2026,2024,OK,91908,Oscar Insurance Company,259248,60135,0.232,115044,35552,4223,1159,0.2744,83,36,0.4337,15,https://hioscar.com/ok_tic_2026,https://apellica.com/insurer-denial-rates/oklahoma/oscar-insurance-company
2024,2022,OK,58944,"Taro Health Plan of Oklahoma, Inc.",0,0,,,,,,,,,,6,https://static.tarohealth.com/2024/ok/Transparency%20in%20Coverage.pdf,https://apellica.com/insurer-denial-rates/oklahoma/taro-health-plan-of-oklahoma-inc
2025,2023,OK,58944,"Taro Health Plan of Oklahoma, Inc.",0,0,,,,,,,,,,6,https://www.tarohealth.com/legal,https://apellica.com/insurer-denial-rates/oklahoma/taro-health-plan-of-oklahoma-inc
2026,2024,OK,58944,"Taro Health Plan of Oklahoma, Inc.",7564,642,0.0849,206,199,0,0,0,0,0,0,6,https://static.mending.com/2026/ok/Transparency%20in%20Coverage.pdf,https://apellica.com/insurer-denial-rates/oklahoma/taro-health-plan-of-oklahoma-inc
2024,2022,OK,45480,"UnitedHealthcare of Oklahoma, Inc.",71800,21668,0.3018,17706,,135,53,0.3926,,,,13,https://www.uhc.com/transparency,https://apellica.com/insurer-denial-rates/oklahoma/unitedhealthcare-of-oklahoma-inc
2025,2023,OK,45480,"UnitedHealthcare of Oklahoma, Inc.",136956,44938,0.3281,43352,27809,166,47,0.2831,0,0,0,13,https://www.uhc.com/transparency,https://apellica.com/insurer-denial-rates/oklahoma/unitedhealthcare-of-oklahoma-inc
2026,2024,OK,45480,"UnitedHealthcare of Oklahoma, Inc.",260548,59525,0.2285,118378,68213,218,43,0.1972,0,0,0,13,https://www.uhc.com/transparency,https://apellica.com/insurer-denial-rates/oklahoma/unitedhealthcare-of-oklahoma-inc
2024,2022,OR,63474,BridgeSpan Health Company,16345,2305,0.141,865,,12,,,,,,3,https://www.bridgespanhealth.com/member/terms-of-use/transparency-in-coverage,https://apellica.com/insurer-denial-rates/oregon/bridgespan-health-company
2025,2023,OR,63474,BridgeSpan Health Company,9708,866,0.0892,244,199,,,,0,0,0,3,https://www.bridgespanhealth.com/member/terms-of-use/transparency-in-coverage,https://apellica.com/insurer-denial-rates/oregon/bridgespan-health-company
2026,2024,OR,63474,BridgeSpan Health Company,12346,1294,0.1048,264,174,,,,0,0,0,3,https://www.bridgespan.com/member/terms-of-use/transparency-in-coverage,https://apellica.com/insurer-denial-rates/oregon/bridgespan-health-company
2024,2022,OR,71287,Kaiser Foundation Healthplan of the NW,15922,1164,0.0731,3828,,76,39,0.5132,,,,11,https://healthy.kaiserpermanente.org/oregon-washington/support/transparency-coverage,https://apellica.com/insurer-denial-rates/oregon/kaiser-foundation-healthplan-of-the-nw
2025,2023,OR,71287,Kaiser Foundation Healthplan of the NW,10670,779,0.073,2562,438,51,22,0.4314,0,0,0,9,https://healthy.kaiserpermanente.org/oregon-washington/support/transparency-coverage,https://apellica.com/insurer-denial-rates/oregon/kaiser-foundation-healthplan-of-the-nw
2026,2024,OR,71287,Kaiser Foundation Healthplan of the NW,9923,725,0.0731,2384,408,39,17,0.4359,0,0,0,9,https://healthy.kaiserpermanente.org/oregon-washington/support/transparency-coverage,https://apellica.com/insurer-denial-rates/oregon/kaiser-foundation-healthplan-of-the-nw
2024,2022,OR,39424,"Moda Health Plan, Inc.",1005743,150744,0.1499,51937,,172,53,0.3081,15,,,24,https://www.modahealth.com/members/transparency.shtml?state=or,https://apellica.com/insurer-denial-rates/oregon/moda-health-plan-inc
2025,2023,OR,39424,"Moda Health Plan, Inc.",954353,143470,0.1503,43464,22853,149,48,0.3221,15,,,13,https://www.modahealth.com/members/transparency.shtml?state=or,https://apellica.com/insurer-denial-rates/oregon/moda-health-plan-inc
2026,2024,OR,39424,"Moda Health Plan, Inc.",1102738,157741,0.143,20682,18615,173,67,0.3873,,,,13,https://www.modahealth.com/members/transparency.shtml,https://apellica.com/insurer-denial-rates/oregon/moda-health-plan-inc
2024,2022,OR,10091,PacificSource Health Plans,823528,24602,0.0299,19356,,6904,1697,0.2458,36,11,0.3056,10,https://pacificsource.com/yourplan/,https://apellica.com/insurer-denial-rates/oregon/pacificsource-health-plans
2025,2023,OR,10091,PacificSource Health Plans,452760,9756,0.0215,7239,2309,4055,946,0.2333,,0,,9,https://pacificsource.com/members/learn-about-my-plan,https://apellica.com/insurer-denial-rates/oregon/pacificsource-health-plans
2026,2024,OR,10091,PacificSource Health Plans,3771,658,0.1745,1208,338,136,12,0.0882,,0,,9,https://pacificsource.com/yourplan/,https://apellica.com/insurer-denial-rates/oregon/pacificsource-health-plans
2024,2022,OR,56707,Providence Health Plan,523527,18702,0.0357,50177,,394,242,0.6142,152,,,11,https://www.providencehealthplan.com/individuals-and-families/understanding-our-claims-and-billing-processes,https://apellica.com/insurer-denial-rates/oregon/providence-health-plan
2025,2023,OR,56707,Providence Health Plan,502058,19130,0.0381,42474,24351,513,391,0.7622,,,,11,https://www.providencehealthplan.com/individuals-and-families/understanding-our-claims-and-billing-processes,https://apellica.com/insurer-denial-rates/oregon/providence-health-plan
2026,2024,OR,56707,Providence Health Plan,410010,16582,0.0404,33982,20246,301,217,0.7209,,,,11,https://www.providencehealthplan.com/individuals-and-families/understanding-our-claims-and-billing-processes,https://apellica.com/insurer-denial-rates/oregon/providence-health-plan
2024,2022,OR,77969,Regence BlueCross BlueShield of Oregon,363786,42026,0.1155,40277,,199,31,0.1558,41,,,17,https://www.regence.com/member/terms-of-use/transparency-in-coverage,https://apellica.com/insurer-denial-rates/oregon/regence-bluecross-blueshield-of-oregon
2025,2023,OR,77969,Regence BlueCross BlueShield of Oregon,389009,36721,0.0944,21092,16632,616,88,0.1429,47,,,12,https://www.regence.com/member/terms-of-use/transparency-in-coverage,https://apellica.com/insurer-denial-rates/oregon/regence-bluecross-blueshield-of-oregon
2026,2024,OR,77969,Regence BlueCross BlueShield of Oregon,1013376,100498,0.0992,55295,41236,616,88,0.1429,47,,,14,https://www.regence.com/member/terms-of-use/transparency-in-coverage,https://apellica.com/insurer-denial-rates/oregon/regence-bluecross-blueshield-of-oregon
2024,2022,SC,79222,"Absolute Total Care, Inc",1518301,269843,0.1777,165395,,641,405,0.6318,,,,24,https://ambetter.absolutetotalcare.com/resources/handbooks-forms/transparency-notice-2024.html,https://apellica.com/insurer-denial-rates/south-carolina/absolute-total-care-inc
2025,2023,SC,79222,"Absolute Total Care, Inc",4035452,594074,0.1472,537978,99449,755,380,0.5033,,,,17,https://ambetter.absolutetotalcare.com/resources/handbooks-forms/transparency-notice-2023.html,https://apellica.com/insurer-denial-rates/south-carolina/absolute-total-care-inc
2026,2024,SC,79222,"Absolute Total Care, Inc",8043578,1471467,0.1829,1059613,133679,1299,,,,0,,17,https://www.ambetterhealth.com/en/sc/resources/handbooks-forms/transparency-notice-2026,https://apellica.com/insurer-denial-rates/south-carolina/absolute-total-care-inc
2024,2022,SC,26065,Blue Cross and Blue Shield of South Carolina,9840399,2127428,0.2162,218255,,3055,1081,0.3538,67,13,0.194,51,https://www.southcarolinablues.com/links/transparency,https://apellica.com/insurer-denial-rates/south-carolina/blue-cross-and-blue-shield-of-south-carolina
2025,2023,SC,26065,Blue Cross and Blue Shield of South Carolina,11459827,2183048,0.1905,282455,276191,3022,1231,0.4073,302,107,0.3543,73,https://www.southcarolinablues.com/links/transparency,https://apellica.com/insurer-denial-rates/south-carolina/blue-cross-and-blue-shield-of-south-carolina
2026,2024,SC,26065,Blue Cross and Blue Shield of South Carolina,11796220,1827005,0.1549,324828,268959,2902,1215,0.4187,234,132,0.5641,75,https://www.southcarolinablues.com/links/transparency,https://apellica.com/insurer-denial-rates/south-carolina/blue-cross-and-blue-shield-of-south-carolina
2024,2022,SC,73033,"Cigna HealthCare of South Carolina, Inc.",0,0,,,,,,,,,,11,https://www.cigna.com/ifp-transparency,https://apellica.com/insurer-denial-rates/south-carolina/cigna-healthcare-of-south-carolina-inc
2025,2023,SC,33863,InStil Health Insurance Company,0,0,,,,,,,,,,5,https://instilhealthsc.com/transparency,https://apellica.com/insurer-denial-rates/south-carolina/instil-health-insurance-company
2026,2024,SC,33863,InStil Health Insurance Company,0,0,,,,,,,,,,5,https://www.instilhealth.com/web/public/brands/ih/transparency/,https://apellica.com/insurer-denial-rates/south-carolina/instil-health-insurance-company
2024,2022,SC,42326,"MOLINA HEALTHCARE OF SOUTH CAROLINA, INC",102995,17230,0.1673,8523,,535,236,0.4411,,,,7,https://www.molinamarketplace.com/marketplace/sc/en-us/FAQ.aspx,https://apellica.com/insurer-denial-rates/south-carolina/molina-healthcare-of-south-carolina-inc
2025,2023,SC,42326,"MOLINA HEALTHCARE OF SOUTH CAROLINA, INC",869323,217809,0.2506,61349,23078,331,151,0.4562,,,,7,https://www.molinamarketplace.com/marketplace/sc/en-us/FAQ.aspx,https://apellica.com/insurer-denial-rates/south-carolina/molina-healthcare-of-south-carolina-inc
2026,2024,SC,42326,"MOLINA HEALTHCARE OF SOUTH CAROLINA, INC",1055016,230150,0.2181,83239,26217,422,243,0.5758,0,0,0,12,https://www.molinamarketplace.com/marketplace/sc/en-us/FAQ.aspx,https://apellica.com/insurer-denial-rates/south-carolina/molina-healthcare-of-south-carolina-inc
2024,2022,SC,73107,Select Health of South Carolina,0,0,,,,,,,,,,6,https://www.firstchoicenext.com/transparency-in-coverage-2024.aspx,https://apellica.com/insurer-denial-rates/south-carolina/select-health-of-south-carolina
2025,2023,SC,73107,Select Health of South Carolina,61346,26256,0.428,14395,8199,,,,0,0,0,8,https://www.firstchoicenext.com/transparency-in-coverage-2025.aspx,https://apellica.com/insurer-denial-rates/south-carolina/select-health-of-south-carolina
2026,2024,SC,73107,Select Health of South Carolina,121039,39520,0.3265,20445,12130,29,16,0.5517,0,0,0,8,https://www.firstchoicenext.com/transparency-in-coverage-2026.aspx,https://apellica.com/insurer-denial-rates/south-carolina/select-health-of-south-carolina
2024,2022,SC,33764,"UnitedHealthcare of South Carolina, Inc.",0,0,,,,,,,,,,13,https://www.uhc.com/transparency,https://apellica.com/insurer-denial-rates/south-carolina/unitedhealthcare-of-south-carolina-inc
2025,2023,SC,33764,"UnitedHealthcare of South Carolina, Inc.",0,0,,,,,,,,,,12,https://www.uhc.com/transparency,https://apellica.com/insurer-denial-rates/south-carolina/unitedhealthcare-of-south-carolina-inc
2026,2024,SC,33764,"UnitedHealthcare of South Carolina, Inc.",438616,88229,0.2012,166827,89090,403,125,0.3102,,,,17,https://www.uhc.com/transparency,https://apellica.com/insurer-denial-rates/south-carolina/unitedhealthcare-of-south-carolina-inc
2024,2022,SD,60536,"Avera Health Plans, Inc.",432992,13424,0.031,5810,,130,51,0.3923,,,,32,https://www.averahealthplans.com/insurance/about/legal-privacy-notices/transparency-in-coverage/,https://apellica.com/insurer-denial-rates/south-dakota/avera-health-plans-inc
2025,2023,SD,60536,"Avera Health Plans, Inc.",433953,6325,0.0146,5894,4240,223,122,0.5471,,0,,29,https://www.averahealthplans.com/insurance/about/legal-privacy-notices/transparency-in-coverage/,https://apellica.com/insurer-denial-rates/south-dakota/avera-health-plans-inc
2026,2024,SD,60536,"Avera Health Plans, Inc.",436009,11752,0.027,4675,3653,154,69,0.4481,,,,35,https://www.averahealthplans.com/insurance/,https://apellica.com/insurer-denial-rates/south-dakota/avera-health-plans-inc
2024,2022,SD,31195,Sanford Health Plan,859370,41849,0.0487,19026,,253,165,0.6522,,,,26,https://www.sanfordhealthplan.com/members/claims-payment-information,https://apellica.com/insurer-denial-rates/south-dakota/sanford-health-plan
2025,2023,SD,31195,Sanford Health Plan,621978,31344,0.0504,29414,11168,258,169,0.655,,,,18,https://www.sanfordhealthplan.com/members/claims-payment-information,https://apellica.com/insurer-denial-rates/south-dakota/sanford-health-plan
2026,2024,SD,31195,Sanford Health Plan,855229,35230,0.0412,24243,10667,365,218,0.5973,,,,18,https://www.sanfordhealthplan.com/members/claims-payment-information,https://apellica.com/insurer-denial-rates/south-dakota/sanford-health-plan
2024,2022,SD,50305,Wellmark of South Dakota,0,0,,,,,,,,,,14,https://www.wellmark.com/transparency,https://apellica.com/insurer-denial-rates/south-dakota/wellmark-of-south-dakota
2025,2023,SD,50305,Wellmark of South Dakota,291888,45145,0.1547,9603,5082,42,20,0.4762,,0,,14,https://www.wellmark.com/transparency,https://apellica.com/insurer-denial-rates/south-dakota/wellmark-of-south-dakota
2026,2024,SD,50305,Wellmark of South Dakota,425214,65429,0.1539,21179,12544,152,43,0.2829,,0,,14,https://www.wellmark.com/transparency,https://apellica.com/insurer-denial-rates/south-dakota/wellmark-of-south-dakota
2025,2023,TN,29854,"Alliant Health Plans, Inc.",0,0,,,,,,,,,,9,https://alliantplans.com/members/understanding-my-insurance-transparency-information/,https://apellica.com/insurer-denial-rates/tennessee/alliant-health-plans-inc
2026,2024,TN,29854,"Alliant Health Plans, Inc.",0,0,,,,,,,,,,9,https://alliantplans.com/Alliant-Transparency-in-Coverage,https://apellica.com/insurer-denial-rates/tennessee/alliant-health-plans-inc
2024,2022,TN,14002,BlueCross BlueShield of Tennessee,3680920,634727,0.1724,209318,,129,55,0.4264,,,,116,https://www.bcbst.com/transparency-in-coverage/,https://apellica.com/insurer-denial-rates/tennessee/bluecross-blueshield-of-tennessee
2025,2023,TN,14002,BlueCross BlueShield of Tennessee,4493833,939798,0.2091,714910,465429,463,154,0.3326,,0,,94,https://www.bcbst.com/transparency-in-coverage/,https://apellica.com/insurer-denial-rates/tennessee/bluecross-blueshield-of-tennessee
2026,2024,TN,14002,BlueCross BlueShield of Tennessee,6270421,1323501,0.2111,1095096,652680,587,264,0.4497,,,,96,https://www.bcbst.com/transparency-in-coverage/,https://apellica.com/insurer-denial-rates/tennessee/bluecross-blueshield-of-tennessee
2024,2022,TN,70111,Celtic Insurance Company,1947548,320566,0.1646,355576,,731,413,0.565,,,,32,https://www.ambetteroftennessee.com/resources/handbooks-forms/transparency-notice-2024.html,https://apellica.com/insurer-denial-rates/tennessee/celtic-insurance-company
2025,2023,TN,70111,Celtic Insurance Company,5341073,817958,0.1531,1084829,210474,1746,810,0.4639,,,,19,https://www.ambetteroftennessee.com/resources/handbooks-forms/transparency-notice-2025.html,https://apellica.com/insurer-denial-rates/tennessee/celtic-insurance-company
2026,2024,TN,70111,Celtic Insurance Company,8726180,1645943,0.1886,1488485,268561,2600,,,,0,,19,https://www.ambetterhealth.com/en/tn/resources/handbooks-forms/transparency-notice-2026,https://apellica.com/insurer-denial-rates/tennessee/celtic-insurance-company
2024,2022,TN,99248,Cigna Health and Life Insurance Company,4953035,884137,0.1785,155479,,793,235,0.2963,13,,,12,https://www.cigna.com/ifp-transparency,https://apellica.com/insurer-denial-rates/tennessee/cigna-health-and-life-insurance-company
2025,2023,TN,99248,Cigna Health and Life Insurance Company,4427893,829096,0.1872,160624,135420,806,342,0.4243,,,,9,https://www.cigna.com/individuals-families/plans-services/transparency-in-coverage,https://apellica.com/insurer-denial-rates/tennessee/cigna-health-and-life-insurance-company
2026,2024,TN,99248,Cigna Health and Life Insurance Company,4704089,955423,0.2031,139697,121987,720,380,0.5278,,,,10,https://www.cigna.com/individuals-families/shop-plans/transparency-in-coverage,https://apellica.com/insurer-denial-rates/tennessee/cigna-health-and-life-insurance-company
2024,2022,TN,23552,Oscar Insurance Company,113202,16916,0.1494,11976,,104,44,0.4231,,,1,14,https://hioscar.com/tn_tic_2024,https://apellica.com/insurer-denial-rates/tennessee/oscar-insurance-company
2025,2023,TN,23552,Oscar Insurance Company,107782,23249,0.2157,11033,8280,1776,911,0.513,12,,,12,https://hioscar.com/tn_tic_2025,https://apellica.com/insurer-denial-rates/tennessee/oscar-insurance-company
2026,2024,TN,23552,Oscar Insurance Company,798002,187709,0.2352,100026,64043,9553,3657,0.3828,162,30,0.1852,17,https://hioscar.com/tn_tic_2026,https://apellica.com/insurer-denial-rates/tennessee/oscar-insurance-company
2024,2022,TN,69443,UnitedHealthcare Insurance Company,631225,195488,0.3097,69478,,621,254,0.409,,,,13,https://www.uhc.com/transparency,https://apellica.com/insurer-denial-rates/tennessee/unitedhealthcare-insurance-company
2025,2023,TN,69443,UnitedHealthcare Insurance Company,1096200,333027,0.3038,150528,102716,1109,423,0.3814,,0,,12,https://www.uhc.com/transparency,https://apellica.com/insurer-denial-rates/tennessee/unitedhealthcare-insurance-company
2026,2024,TN,69443,UnitedHealthcare Insurance Company,2157936,446509,0.2069,437684,246775,1483,470,0.3169,,,,12,https://www.uhc.com/transparency,https://apellica.com/insurer-denial-rates/tennessee/unitedhealthcare-insurance-company
2024,2022,TN,31663,US Health and Life Insurance Company,0,0,,,,,,,,,,7,https://www.ascensionpersonalizedcare.com/members-home/member-resources/understanding-benefits/transparency-in-coverage,https://apellica.com/insurer-denial-rates/tennessee/us-health-and-life-insurance-company
2024,2022,TX,58840,Aetna Health Inc.  (a TX corp.),287625,98052,0.3409,412864,,86,36,0.4186,,,,64,https://www.aetna.com/individuals-families/member-rights-resources/how-an-individual-plan-works.html,https://apellica.com/insurer-denial-rates/texas/aetna-health-inc-a-tx-corp
2025,2023,TX,58840,Aetna Health Inc.  (a TX corp.),8083776,2209984,0.2734,1077549,472069,1811,386,0.2131,71,14,0.1972,12,https://www.aetna.com/individuals-families/member-rights-resources/how-an-individual-plan-works.html,https://apellica.com/insurer-denial-rates/texas/aetna-health-inc-a-tx-corp
2024,2022,TX,33602,Blue Cross Blue Shield of Texas,13580083,2666196,0.1963,812557,,4657,2350,0.5046,69,13,0.1884,588,https://www.bcbstx.com/insurance-basics/coverage-information/transparency-in-coverage,https://apellica.com/insurer-denial-rates/texas/blue-cross-blue-shield-of-texas
2025,2023,TX,33602,Blue Cross Blue Shield of Texas,39937122,9593132,0.2402,1431847,398979,10968,6208,0.566,134,35,0.2612,540,https://www.bcbstx.com/insurance-basics/coverage-information/transparency-in-coverage,https://apellica.com/insurer-denial-rates/texas/blue-cross-blue-shield-of-texas
2026,2024,TX,33602,Blue Cross Blue Shield of Texas,58806743,11028737,0.1875,2697101,906328,22641,11397,0.5034,808,325,0.4022,546,https://www.bcbstx.com/member/transparency-in-coverage,https://apellica.com/insurer-denial-rates/texas/blue-cross-blue-shield-of-texas
2024,2022,TX,29418,Celtic Insurance Company,12532905,1763710,0.1407,1424157,,2261,1362,0.6024,660,586,0.8879,16,https://ambetter.superiorhealthplan.com/resources/handbooks-forms/transparency-notice-2024.html,https://apellica.com/insurer-denial-rates/texas/celtic-insurance-company
2025,2023,TX,29418,Celtic Insurance Company,17855127,2094669,0.1173,2050341,327537,3183,1861,0.5847,109,65,0.5963,11,https://ambetter.superiorhealthplan.com/resources/handbooks-forms/transparency-notice-2025.html,https://apellica.com/insurer-denial-rates/texas/celtic-insurance-company
2026,2024,TX,29418,Celtic Insurance Company,16238521,2652607,0.1634,1674627,258074,3010,1842,0.612,237,130,0.5485,13,https://www.ambetterhealth.com/en/tx/resources/handbooks-forms/transparency-notice-2026,https://apellica.com/insurer-denial-rates/texas/celtic-insurance-company
2024,2022,TX,66252,CHRISTUS Health Plan,260434,17943,0.0689,41194,,203,57,0.2808,,,,100,https://christushealthplan.org/member-resources/coverage/individual-family-plans/transparency-in-coverage,https://apellica.com/insurer-denial-rates/texas/christus-health-plan
2025,2023,TX,66252,CHRISTUS Health Plan,788742,115734,0.1467,152736,50425,596,76,0.1275,0,0,0,160,https://www.christushealthplan.org/member-resources/coverage/individual-family-plans/transparency-in-coverage,https://apellica.com/insurer-denial-rates/texas/christus-health-plan
2026,2024,TX,66252,CHRISTUS Health Plan,1206500,141176,0.117,252696,111019,4256,1337,0.3141,0,0,0,18,https://www.christushealthplan.org/member-resources/transparency-in-coverage,https://apellica.com/insurer-denial-rates/texas/christus-health-plan
2024,2022,TX,76589,"Cigna HealthCare of Texas, Inc.",0,0,,,,,,,,,,13,https://www.cigna.com/ifp-transparency,https://apellica.com/insurer-denial-rates/texas/cigna-healthcare-of-texas-inc
2025,2023,TX,76589,"Cigna HealthCare of Texas, Inc.",6310040,1396626,0.2213,357905,325084,969,572,0.5903,,,,22,https://www.cigna.com/ifp-transparency,https://apellica.com/insurer-denial-rates/texas/cigna-healthcare-of-texas-inc
2026,2024,TX,76589,"Cigna HealthCare of Texas, Inc.",4080439,884055,0.2167,139402,130069,1184,755,0.6377,,,,22,https://www.cigna.com/ifp-transparency,https://apellica.com/insurer-denial-rates/texas/cigna-healthcare-of-texas-inc
2025,2023,TX,63251,Community First Insurance Plans,92909,23797,0.2561,9466,6284,16,,,1797,714,0.3973,4,https://exchange.communityfirsthealthplans.com/transparency-in-coverage/,https://apellica.com/insurer-denial-rates/texas/community-first-insurance-plans
2026,2024,TX,63251,Community First Insurance Plans,112382,34419,0.3063,6808,4276,,,,,,,4,https://exchange.communityfirsthealthplans.com/transparency-in-coverage/,https://apellica.com/insurer-denial-rates/texas/community-first-insurance-plans
2025,2023,TX,11718,"Community Health Choice Texas, Inc.",0,0,,,,,,,,,,6,https://www.communityhealthchoice.org/health-insurance-marketplace/transparency-in-coverage-2025/,https://apellica.com/insurer-denial-rates/texas/community-health-choice-texas-inc
2026,2024,TX,11718,"Community Health Choice Texas, Inc.",0,0,,,,,,,,,,6,https://www.communityhealthchoice.org/health-insurance-marketplace/transparency-in-coverage-2026/,https://apellica.com/insurer-denial-rates/texas/community-health-choice-texas-inc
2024,2022,TX,27248,"Community Health Choice, Inc.",3902036,586369,0.1503,466378,,661,183,0.2769,16,12,0.75,12,https://www.communityhealthchoice.org/health-insurance-marketplace/transparency-in-coverage-2024/,https://apellica.com/insurer-denial-rates/texas/community-health-choice-inc
2025,2023,TX,27248,"Community Health Choice, Inc.",6915555,1238096,0.179,817983,310676,1223,291,0.2379,21,14,0.6667,9,https://www.communityhealthchoice.org/health-insurance-marketplace/transparency-in-coverage-2025/,https://apellica.com/insurer-denial-rates/texas/community-health-choice-inc
2026,2024,TX,27248,"Community Health Choice, Inc.",6776421,1449319,0.2139,680140,409025,1054,260,0.2467,26,16,0.6154,11,https://www.communityhealthchoice.org/health-insurance-marketplace/transparency-in-coverage-2026/,https://apellica.com/insurer-denial-rates/texas/community-health-choice-inc
2026,2024,TX,37758,Harbor Health Insurance Company,0,0,,,,,,,,,,4,https://harborhealth.com/plans/individual-family,https://apellica.com/insurer-denial-rates/texas/harbor-health-insurance-company
2024,2022,TX,34826,"Imperial Insurance Companies, Inc.",0,0,,,,,,,,,,7,https://exchange.imperialhealthplan.com/transparency-in-coverage/,https://apellica.com/insurer-denial-rates/texas/imperial-insurance-companies-inc
2025,2023,TX,34826,"Imperial Insurance Companies, Inc.",38,0,0,15,0,0,0,0,0,0,0,7,https://exchange.imperialhealthplan.com/transparency-in-coverage/,https://apellica.com/insurer-denial-rates/texas/imperial-insurance-companies-inc
2026,2024,TX,34826,"Imperial Insurance Companies, Inc.",2530,902,0.3565,1777,804,,,,0,0,0,7,https://exchange.imperialhealthplan.com/transparency-in-coverage/,https://apellica.com/insurer-denial-rates/texas/imperial-insurance-companies-inc
2024,2022,TX,17933,"Moda Health Plan, Inc.",17056,4377,0.2566,4847,,,,,,,,10,https://www.deltadentalor.com/member/resources/transparency-in-coverage,https://apellica.com/insurer-denial-rates/texas/moda-health-plan-inc
2025,2023,TX,17933,"Moda Health Plan, Inc.",93409,23838,0.2552,17699,8518,26,20,0.7692,0,0,0,10,https://www.modahealth.com/texas/member/resources/forms-and-documents/transparency-in-coverage,https://apellica.com/insurer-denial-rates/texas/moda-health-plan-inc
2026,2024,TX,17933,"Moda Health Plan, Inc.",142112,34484,0.2427,8439,8188,39,14,0.359,,0,,5,https://www.modahealth.com/texas/member/resources/forms-and-documents/transparency-in-coverage,https://apellica.com/insurer-denial-rates/texas/moda-health-plan-inc
2024,2022,TX,45786,"Molina Healthcare of Texas, Inc.",479698,83574,0.1742,76141,,4151,2779,0.6695,70,28,0.4,8,https://www.molinamarketplace.com/marketplace/tx/en-us/FAQ.aspx,https://apellica.com/insurer-denial-rates/texas/molina-healthcare-of-texas-inc
2025,2023,TX,45786,"Molina Healthcare of Texas, Inc.",1357022,368184,0.2713,94555,39660,3607,1314,0.3643,39,14,0.359,8,https://www.molinamarketplace.com/marketplace/tx/en-us/FAQ.aspx,https://apellica.com/insurer-denial-rates/texas/molina-healthcare-of-texas-inc
2026,2024,TX,45786,"Molina Healthcare of Texas, Inc.",987573,237126,0.2401,57582,22873,996,545,0.5472,21,14,0.6667,12,https://www.molinamarketplace.com/marketplace/tx/en-us/FAQ.aspx,https://apellica.com/insurer-denial-rates/texas/molina-healthcare-of-texas-inc
2024,2022,TX,20069,Oscar Insurance Company,4277370,498535,0.1166,510262,,2827,1355,0.4793,33,25,0.7576,21,https://hioscar.com/tx_tic_2024,https://apellica.com/insurer-denial-rates/texas/oscar-insurance-company
2025,2023,TX,20069,Oscar Insurance Company,1845992,337877,0.183,288306,141585,23598,12338,0.5228,87,24,0.2759,65,https://hioscar.com/tx_tic_2025,https://apellica.com/insurer-denial-rates/texas/oscar-insurance-company
2026,2024,TX,20069,Oscar Insurance Company,3001076,764285,0.2547,520276,286065,38325,9061,0.2364,517,176,0.3404,100,https://hioscar.com/tx_tic_2026,https://apellica.com/insurer-denial-rates/texas/oscar-insurance-company
2024,2022,TX,40788,Scott and White Health Plan,2426299,325281,0.1341,141709,,893,518,0.5801,13,,,9,https://www.bswhealthplan.com/individuals-families/Pages/Marketplace.aspx#information,https://apellica.com/insurer-denial-rates/texas/scott-and-white-health-plan
2025,2023,TX,40788,Scott and White Health Plan,5211245,993379,0.1906,812527,154637,1095,710,0.6484,29,20,0.6897,9,https://www.bswhealthplan.com/individuals-families/Pages/Marketplace.aspx#information,https://apellica.com/insurer-denial-rates/texas/scott-and-white-health-plan
2026,2024,TX,40788,Scott and White Health Plan,8274564,1205777,0.1457,1360874,270578,5246,3157,0.6018,170,136,0.8,10,https://www.bswhealthplan.com/individuals-families/Pages/Marketplace.aspx#information,https://apellica.com/insurer-denial-rates/texas/scott-and-white-health-plan
2024,2022,TX,71837,"Sendero Health Plans, Inc.",288610,83908,0.2907,365,,26,,,,,,10,https://senderohealth.com/Transparency_in_Coverage,https://apellica.com/insurer-denial-rates/texas/sendero-health-plans-inc
2025,2023,TX,71837,"Sendero Health Plans, Inc.",253415,71030,0.2803,345,126,12,,,,,,7,https://senderohealth.com/transparency_in_coverage/,https://apellica.com/insurer-denial-rates/texas/sendero-health-plans-inc
2026,2024,TX,71837,"Sendero Health Plans, Inc.",471218,101311,0.215,23432,10176,21,14,0.6667,,,,7,https://senderohealth.com/transparency_in_coverage,https://apellica.com/insurer-denial-rates/texas/sendero-health-plans-inc
2024,2022,TX,87226,Superior Health Plan,2238445,407805,0.1822,996000,,210,128,0.6095,85,82,0.9647,28,https://ambetter.superiorhealthplan.com/resources/handbooks-forms/2024-transparency-notice-tx-hmo.html,https://apellica.com/insurer-denial-rates/texas/superior-health-plan
2025,2023,TX,87226,Superior Health Plan,6424284,983317,0.1531,3857892,603360,1253,721,0.5754,23,11,0.4783,28,https://ambetter.superiorhealthplan.com/resources/handbooks-forms/2025-transparency-notice-tx-hmo.html,https://apellica.com/insurer-denial-rates/texas/superior-health-plan
2026,2024,TX,87226,Superior Health Plan,5807390,1287305,0.2217,2973880,414165,1083,622,0.5743,62,31,0.5,21,https://www.ambetterhealth.com/en/tx/resources/handbooks-forms/2026-transparency-notice-tx-hmo,https://apellica.com/insurer-denial-rates/texas/superior-health-plan
2026,2024,TX,70754,"UnitedHealthcare Benefits of Texas, Inc.",0,0,,,,,,,,,,11,https://www.uhc.com/transparency,https://apellica.com/insurer-denial-rates/texas/unitedhealthcare-benefits-of-texas-inc
2024,2022,TX,40220,"UnitedHealthcare of Texas, Inc.",2041995,615246,0.3013,613808,,2328,931,0.3999,15,,,20,https://www.uhc.com/transparency,https://apellica.com/insurer-denial-rates/texas/unitedhealthcare-of-texas-inc
2025,2023,TX,40220,"UnitedHealthcare of Texas, Inc.",4410706,1371536,0.311,1340598,833698,4765,1651,0.3465,26,,,16,https://www.uhc.com/transparency,https://apellica.com/insurer-denial-rates/texas/unitedhealthcare-of-texas-inc
2026,2024,TX,40220,"UnitedHealthcare of Texas, Inc.",14698969,2550560,0.1735,5348859,2251733,12386,4333,0.3498,67,21,0.3134,20,https://www.uhc.com/transparency,https://apellica.com/insurer-denial-rates/texas/unitedhealthcare-of-texas-inc
2024,2022,TX,57125,US HEALTH AND LIFE INSURANCE COMPANY,0,0,,,,,,,,,,7,https://www.ascensionpersonalizedcare.com/members-home/member-resources/understanding-benefits/transparency-in-coverage,https://apellica.com/insurer-denial-rates/texas/us-health-and-life-insurance-company
2025,2023,TX,47501,Wellpoint Insurance Company,0,0,,,,,,,,,,21,https://www.wellpoint.com/notices/transparency-in-coverage,https://apellica.com/insurer-denial-rates/texas/wellpoint-insurance-company
2026,2024,TX,47501,Wellpoint Insurance Company,0,0,,,,,,,,,,21,https://www.wellpoint.com/notices/transparency-in-coverage,https://apellica.com/insurer-denial-rates/texas/wellpoint-insurance-company
2024,2022,UT,38927,Aetna Health of Utah Inc.,0,0,,,,,,,,,,9,https://www.aetna.com/individuals-families/member-rights-resources/how-an-individual-plan-works.html,https://apellica.com/insurer-denial-rates/utah/aetna-health-of-utah-inc
2025,2023,UT,38927,Aetna Health of Utah Inc.,0,0,,,,,,,,,,9,https://www.aetna.com/individuals-families/member-rights-resources/how-an-individual-plan-works.html,https://apellica.com/insurer-denial-rates/utah/aetna-health-of-utah-inc
2024,2022,UT,34541,BridgeSpan Health Company,1889,710,0.3759,534,,,,,,,,3,https://www.bridgespanhealth.com/member/terms-of-use/transparency-in-coverage,https://apellica.com/insurer-denial-rates/utah/bridgespan-health-company
2025,2023,UT,34541,BridgeSpan Health Company,2237,618,0.2763,110,94,,0,,,,,3,https://www.bridgespanhealth.com/member/terms-of-use/transparency-in-coverage,https://apellica.com/insurer-denial-rates/utah/bridgespan-health-company
2026,2024,UT,34541,BridgeSpan Health Company,7900,1310,0.1658,556,442,,0,,,,,3,https://www.bridgespanhealth.com/member/terms-of-use/transparency-in-coverage,https://apellica.com/insurer-denial-rates/utah/bridgespan-health-company
2024,2022,UT,81808,Cigna Health and Life Insurance Company,85312,18141,0.2126,6372,,18,,,,,,9,https://www.cigna.com/ifp-transparency,https://apellica.com/insurer-denial-rates/utah/cigna-health-and-life-insurance-company
2024,2022,UT,98113,"Imperial Health Plan of the Southwest, Inc.",0,0,,,,,,,,,,5,https://exchange.imperialhealthplan.com/utah/transparency-in-coverage/,https://apellica.com/insurer-denial-rates/utah/imperial-health-plan-of-the-southwest-inc
2025,2023,UT,98113,"Imperial Health Plan of the Southwest, Inc.",0,0,,,,,,,,,,5,https://exchange.imperialhealthplan.com/transparency-in-coverage/,https://apellica.com/insurer-denial-rates/utah/imperial-health-plan-of-the-southwest-inc
2026,2024,UT,98113,"Imperial Health Plan of the Southwest, Inc.",261,87,0.3333,267,137,,,,0,0,0,5,https://exchange.imperialhealthplan.com/transparency-in-coverage/,https://apellica.com/insurer-denial-rates/utah/imperial-health-plan-of-the-southwest-inc
2024,2022,UT,18167,Molina Healthcare of Utah,49408,7988,0.1617,3897,,135,92,0.6815,,,,7,https://www.molinamarketplace.com/marketplace/ut/en-us/FAQ.aspx,https://apellica.com/insurer-denial-rates/utah/molina-healthcare-of-utah
2025,2023,UT,18167,Molina Healthcare of Utah,55255,15592,0.2822,3152,1993,37,27,0.7297,0,0,0,7,https://www.molinamarketplace.com/marketplace/ut/en-us/FAQ.aspx,https://apellica.com/insurer-denial-rates/utah/molina-healthcare-of-utah
2026,2024,UT,18167,Molina Healthcare of Utah,125008,28618,0.2289,4440,2133,78,56,0.7179,0,0,0,8,https://www.molinamarketplace.com/marketplace/ut/en-us/FAQ.aspx,https://apellica.com/insurer-denial-rates/utah/molina-healthcare-of-utah
2024,2022,UT,22013,Regence BlueCross BlueShield of Utah,323213,47527,0.147,41526,,138,27,0.1957,,,,14,https://www.regence.com/member/terms-of-use/transparency-in-coverage,https://apellica.com/insurer-denial-rates/utah/regence-bluecross-blueshield-of-utah
2025,2023,UT,22013,Regence BlueCross BlueShield of Utah,357406,49031,0.1372,47325,35255,487,60,0.1232,11,,,11,https://www.regence.com/member/terms-of-use/transparency-in-coverage,https://apellica.com/insurer-denial-rates/utah/regence-bluecross-blueshield-of-utah
2026,2024,UT,22013,Regence BlueCross BlueShield of Utah,395068,58383,0.1478,26259,18956,487,60,0.1232,11,,,8,https://www.regence.com/member/terms-of-use/transparency-in-coverage,https://apellica.com/insurer-denial-rates/utah/regence-bluecross-blueshield-of-utah
2024,2022,UT,68781,"SelectHealth, Inc.",9304836,1366766,0.1469,332699,,3884,1455,0.3746,25,12,0.48,25,https://selecthealth.org/no-surprises-act,https://apellica.com/insurer-denial-rates/utah/selecthealth-inc
2025,2023,UT,68781,"SelectHealth, Inc.",7757055,1444289,0.1862,247105,131363,4440,1428,0.3216,44,23,0.5227,21,https://selecthealth.org/resources/faq,https://apellica.com/insurer-denial-rates/utah/selecthealth-inc
2026,2024,UT,68781,"SelectHealth, Inc.",8402145,1571221,0.187,243867,136635,5422,1467,0.2706,119,53,0.4454,21,https://selecthealth.org/resources,https://apellica.com/insurer-denial-rates/utah/selecthealth-inc
2024,2022,UT,42261,University of Utah Health Insurance Plans,535566,112076,0.2093,9219,,532,189,0.3553,15,,,15,https://uhealthplan.utah.edu/individual/claims.php,https://apellica.com/insurer-denial-rates/utah/university-of-utah-health-insurance-plans
2025,2023,UT,42261,University of Utah Health Insurance Plans,569517,107936,0.1895,6209,4955,448,183,0.4085,,,,12,https://uhealthplan.utah.edu/individual/claims,https://apellica.com/insurer-denial-rates/utah/university-of-utah-health-insurance-plans
2026,2024,UT,42261,University of Utah Health Insurance Plans,644314,122297,0.1898,8402,6301,482,155,0.3216,,,,12,https://uhealthplan.utah.edu/individual/claims,https://apellica.com/insurer-denial-rates/utah/university-of-utah-health-insurance-plans
2024,2022,WI,86584,"Aspirus Health Plan, Inc.",471398,61292,0.13,18019,,14,,,,,1,14,https://www.aspirushealthplan.com/group-individual/transparency-in-coverage/,https://apellica.com/insurer-denial-rates/wisconsin/aspirus-health-plan-inc
2025,2023,WI,86584,"Aspirus Health Plan, Inc.",430766,48665,0.113,13460,6569,36,11,0.3056,,,,12,https://www.aspirushealthplan.com/insurance/transparencyInCoverage/,https://apellica.com/insurer-denial-rates/wisconsin/aspirus-health-plan-inc
2026,2024,WI,86584,"Aspirus Health Plan, Inc.",398306,47925,0.1203,7112,3048,19,,,,0,,12,https://www.aspirushealthplan.com/insurance/transparencyInCoverage/,https://apellica.com/insurer-denial-rates/wisconsin/aspirus-health-plan-inc
2024,2022,WI,14630,Chorus Community Health Plans,182301,16826,0.0923,6882,,285,127,0.4456,12,,,12,https://chorushealthplans.org/our-plans/individual-and-family-plans/member-resources/about-individual-and-family-plans/transparency-in-coverage,https://apellica.com/insurer-denial-rates/wisconsin/chorus-community-health-plans
2025,2023,WI,14630,Chorus Community Health Plans,209169,18276,0.0874,7922,3205,320,154,0.4813,,,,10,https://chorushealthplans.org/our-plans/individual-and-family-plans/member-resources/about-individual-and-family-plans/transparency-in-coverage,https://apellica.com/insurer-denial-rates/wisconsin/chorus-community-health-plans
2024,2022,WI,87416,Common Ground Healthcare Cooperative,2820526,465910,0.1652,95695,,262,83,0.3168,,,,79,https://commongroundhealthcare.org/transparency-in-coverage/,https://apellica.com/insurer-denial-rates/wisconsin/common-ground-healthcare-cooperative
2025,2023,WI,87416,Common Ground Healthcare Cooperative,2954348,475594,0.161,91286,37091,310,104,0.3355,,,,19,https://commongroundhealthcare.org/transparency-in-coverage,https://apellica.com/insurer-denial-rates/wisconsin/common-ground-healthcare-cooperative
2026,2024,WI,87416,Common Ground Healthcare Cooperative,1504864,143772,0.0955,28650,26485,0,0,0,0,0,0,19,https://www.caresource.com/wi/plans/marketplace/plan-documents/general-plan-information/,https://apellica.com/insurer-denial-rates/wisconsin/common-ground-healthcare-cooperative
2024,2022,WI,79475,Compcare Health Serv Ins Co(Anthem BCBS),255744,68701,0.2686,43874,,60,33,0.55,,,,77,http://www.anthem.com/ms/claims/home.html,https://apellica.com/insurer-denial-rates/wisconsin/compcare-health-serv-ins-co-anthem-bcbs
2025,2023,WI,79475,Compcare Health Serv Ins Co(Anthem BCBS),1063009,81887,0.077,101102,62444,158,66,0.4177,0,0,0,72,https://www.anthem.com/ms/claims/home.html,https://apellica.com/insurer-denial-rates/wisconsin/compcare-health-serv-ins-co-anthem-bcbs
2026,2024,WI,79475,Compcare Health Serv Ins Co(Anthem BCBS),2462417,213637,0.0868,423953,243159,344,201,0.5843,,0,,54,https://www.anthem.com/ms/claims/home.html,https://apellica.com/insurer-denial-rates/wisconsin/compcare-health-serv-ins-co-anthem-bcbs
2024,2022,WI,38345,Dean Health Plan,1099434,127692,0.1161,40255,,215,111,0.5163,,,,86,https://www.deancare.com/helpful-links/legal/process-transparency,https://apellica.com/insurer-denial-rates/wisconsin/dean-health-plan
2025,2023,WI,38345,Dean Health Plan,1097330,113095,0.1031,40351,14636,144,73,0.5069,0,0,0,30,https://www.deancare.com/Legal/business-transparency,https://apellica.com/insurer-denial-rates/wisconsin/dean-health-plan
2026,2024,WI,38345,Dean Health Plan,1104307,160914,0.1457,13092,11067,391,193,0.4936,0,0,0,30,https://www.deancare.com/Legal/business-transparency,https://apellica.com/insurer-denial-rates/wisconsin/dean-health-plan
2024,2022,WI,94529,Group Health Cooperative of South Central Wisconsin,206749,15174,0.0734,7463,,,,,,,,34,https://www.ghcscw.com/SiteCollectionDocuments/2024_QHP_Transparency_in_Coverage.pdf,https://apellica.com/insurer-denial-rates/wisconsin/group-health-cooperative-of-south-central-wisconsin
2025,2023,WI,94529,Group Health Cooperative of South Central Wisconsin,243212,20516,0.0844,5762,1562,27,,,0,0,0,21,https://ghcscw.com/members/your-benefit-information/,https://apellica.com/insurer-denial-rates/wisconsin/group-health-cooperative-of-south-central-wisconsin
2026,2024,WI,94529,Group Health Cooperative of South Central Wisconsin,207372,18470,0.0891,4891,1424,,,,,,,21,https://ghcscw.com/wp-content/uploads/2025/06/2026-QHP-Transparency-in-Coverage.pdf,https://apellica.com/insurer-denial-rates/wisconsin/group-health-cooperative-of-south-central-wisconsin
2024,2022,WI,20173,HealthPartners Insurance Company,313587,19972,0.0637,6360,,11,,,,,,19,https://www.healthpartners.com/ifclaims,https://apellica.com/insurer-denial-rates/wisconsin/healthpartners-insurance-company
2025,2023,WI,20173,HealthPartners Insurance Company,363667,24127,0.0663,7958,823,13,,,,0,,18,https://www.healthpartners.com/ifclaims,https://apellica.com/insurer-denial-rates/wisconsin/healthpartners-insurance-company
2026,2024,WI,20173,HealthPartners Insurance Company,466789,30260,0.0648,11313,1518,,,,0,0,0,16,https://www.healthpartners.com/ifclaims,https://apellica.com/insurer-denial-rates/wisconsin/healthpartners-insurance-company
2024,2022,WI,57845,Medica Community Health Plan,445056,54813,0.1232,13496,,153,103,0.6732,0,0,,25,https://www.Medica.com/tips2024,https://apellica.com/insurer-denial-rates/wisconsin/medica-community-health-plan
2025,2023,WI,57845,Medica Community Health Plan,432320,60354,0.1396,11615,7472,135,77,0.5704,,0,,27,https://www.medica.com/transparency-in-coverage,https://apellica.com/insurer-denial-rates/wisconsin/medica-community-health-plan
2026,2024,WI,57845,Medica Community Health Plan,510731,87505,0.1713,13758,9707,227,124,0.5463,0,0,0,27,https://www.medica.com/transparency-in-coverage,https://apellica.com/insurer-denial-rates/wisconsin/medica-community-health-plan
2024,2022,WI,58326,"MercyCare HMO, Inc.",224919,22765,0.1012,8177,,26,16,0.6154,,,,7,https://www.mercycarehealthplans.com/transparency-in-coverage/,https://apellica.com/insurer-denial-rates/wisconsin/mercycare-hmo-inc
2025,2023,WI,58326,"MercyCare HMO, Inc.",212377,18094,0.0852,7290,2270,18,12,0.6667,,,,7,https://www.mercycarehealthplans.com/transparency-in-coverage/,https://apellica.com/insurer-denial-rates/wisconsin/mercycare-hmo-inc
2026,2024,WI,58326,"MercyCare HMO, Inc.",208646,19105,0.0916,5172,1974,15,,,0,0,0,7,https://www.mercycarehealthplans.com/transparency-in-coverage/,https://apellica.com/insurer-denial-rates/wisconsin/mercycare-hmo-inc
2024,2022,WI,52697,"Molina Healthcare of Wisconsin, Inc.",104458,13822,0.1323,5575,,258,90,0.3488,,,,7,https://www.molinahealthcare.com/marketplace/wi/en-us/FAQ.aspx,https://apellica.com/insurer-denial-rates/wisconsin/molina-healthcare-of-wisconsin-inc
2025,2023,WI,52697,"Molina Healthcare of Wisconsin, Inc.",214084,49047,0.2291,7204,4606,127,72,0.5669,,0,,7,https://www.molinamarketplace.com/marketplace/wi/en-us/FAQ.aspx,https://apellica.com/insurer-denial-rates/wisconsin/molina-healthcare-of-wisconsin-inc
2024,2022,WI,81413,Network Health Plan,242187,35043,0.1447,7682,,18,,,,,,18,https://networkhealth.com/individual/understanding-your-coverage,https://apellica.com/insurer-denial-rates/wisconsin/network-health-plan
2025,2023,WI,81413,Network Health Plan,241528,36552,0.1513,7454,4804,20,,,0,0,0,26,https://networkhealth.com/employer/member-resources,https://apellica.com/insurer-denial-rates/wisconsin/network-health-plan
2026,2024,WI,81413,Network Health Plan,298634,48655,0.1629,14480,9267,31,12,0.3871,0,0,0,26,https://networkhealth.com/employer/transparency,https://apellica.com/insurer-denial-rates/wisconsin/network-health-plan
2024,2022,WI,37833,Quartz Health Benefit Plans Corporation,626070,86327,0.1379,5160,,150,31,0.2067,,,,44,https://quartzbenefits.com/transparency,https://apellica.com/insurer-denial-rates/wisconsin/quartz-health-benefit-plans-corporation
2025,2023,WI,37833,Quartz Health Benefit Plans Corporation,603804,48608,0.0805,7407,4174,160,25,0.1563,,,,72,https://quartzbenefits.com/transparency,https://apellica.com/insurer-denial-rates/wisconsin/quartz-health-benefit-plans-corporation
2026,2024,WI,37833,Quartz Health Benefit Plans Corporation,696511,57350,0.0823,10233,3696,204,98,0.4804,,0,,57,https://quartzbenefits.com/transparency,https://apellica.com/insurer-denial-rates/wisconsin/quartz-health-benefit-plans-corporation
2024,2022,WI,38166,"Security Health Plan of Wisconsin, Inc.",728690,65095,0.0893,36261,,140,92,0.6571,,,,87,http://www.securityhealth.org/find-a-plan/member-responsibilities,https://apellica.com/insurer-denial-rates/wisconsin/security-health-plan-of-wisconsin-inc
2025,2023,WI,38166,"Security Health Plan of Wisconsin, Inc.",1021773,182583,0.1787,46116,20354,140,92,0.6571,,0,,87,http://www.securityhealth.org/find-a-plan/member-responsibilities,https://apellica.com/insurer-denial-rates/wisconsin/security-health-plan-of-wisconsin-inc
2026,2024,WI,38166,"Security Health Plan of Wisconsin, Inc.",1306739,247191,0.1892,57574,26688,258,168,0.6512,0,0,0,90,http://www.securityhealth.org/find-a-plan/member-responsibilities,https://apellica.com/insurer-denial-rates/wisconsin/security-health-plan-of-wisconsin-inc
2024,2022,WI,80180,"UnitedHealthcare of Wisconsin, Inc.",0,0,,,,,,,,,,12,https://www.uhc.com/transparency,https://apellica.com/insurer-denial-rates/wisconsin/unitedhealthcare-of-wisconsin-inc
2025,2023,WI,80180,"UnitedHealthcare of Wisconsin, Inc.",0,0,,,,,,,,,,13,https://www.uhc.com/transparency,https://apellica.com/insurer-denial-rates/wisconsin/unitedhealthcare-of-wisconsin-inc
2026,2024,WI,80180,"UnitedHealthcare of Wisconsin, Inc.",659260,113541,0.1722,130202,95374,594,244,0.4108,,,,13,https://www.uhc.com/transparency,https://apellica.com/insurer-denial-rates/wisconsin/unitedhealthcare-of-wisconsin-inc
2024,2022,WV,50328,CareSource West Virginia Co.,430096,87511,0.2035,43040,,13,,,,,,18,https://www.caresource.com/wv/plans/marketplace/plan-documents/general-plan-information/,https://apellica.com/insurer-denial-rates/west-virginia/caresource-west-virginia-co
2025,2023,WV,50328,CareSource West Virginia Co.,439920,105810,0.2405,57827,45871,,0,,0,0,0,20,https://www.caresource.com/wv/plans/marketplace/plan-documents/general-plan-information/,https://apellica.com/insurer-denial-rates/west-virginia/caresource-west-virginia-co
2026,2024,WV,50328,CareSource West Virginia Co.,843758,198752,0.2356,118295,94227,993,65,0.0655,54,17,0.3148,22,https://www.caresource.com/wv/plans/marketplace/plan-documents/general-plan-information/,https://apellica.com/insurer-denial-rates/west-virginia/caresource-west-virginia-co
2024,2022,WV,31274,Highmark Blue Cross Blue Shield West Virginia,531328,52289,0.0984,13286,,48,22,0.4583,,,1,15,https://www.highmark.com/content/dam/digital-marketing/en/highmark/highmarkdotcom/pdfs/quality-assurance/CS204330_NCQAPreSale_BRO_WV_R2.pdf,https://apellica.com/insurer-denial-rates/west-virginia/highmark-blue-cross-blue-shield-west-virginia
2025,2023,WV,31274,Highmark Blue Cross Blue Shield West Virginia,778251,83283,0.107,19096,3033,77,19,0.2468,,0,,15,https://www.highmark.com/content/dam/digital-marketing/en/highmark/highmarkdotcom/pdfs/quality-assurance/CS204330_NCQAPreSale_BRO_WV_R2.pdf,https://apellica.com/insurer-denial-rates/west-virginia/highmark-blue-cross-blue-shield-west-virginia
2026,2024,WV,31274,Highmark Blue Cross Blue Shield West Virginia,2341171,471125,0.2012,38913,14234,130,41,0.3154,,0,,15,https://www.highmark.com/transparency-in-coverage,https://apellica.com/insurer-denial-rates/west-virginia/highmark-blue-cross-blue-shield-west-virginia
2024,2022,WY,11269,Blue Cross Blue Shield of Wyoming,821613,89175,0.1085,18226,,982,678,0.6904,,,,17,https://www.bcbswy.com/QHPTransparency,https://apellica.com/insurer-denial-rates/wyoming/blue-cross-blue-shield-of-wyoming
2025,2023,WY,11269,Blue Cross Blue Shield of Wyoming,976451,187139,0.1917,14022,5257,536,307,0.5728,,0,,11,https://www.bcbswy.com/QHPTransparency,https://apellica.com/insurer-denial-rates/wyoming/blue-cross-blue-shield-of-wyoming
2026,2024,WY,11269,Blue Cross Blue Shield of Wyoming,1305051,229909,0.1762,28568,10747,434,173,0.3986,,,,11,https://www.bcbswy.com/QHPTransparency,https://apellica.com/insurer-denial-rates/wyoming/blue-cross-blue-shield-of-wyoming
2024,2022,WY,38576,Montana Health Cooperative,135389,13268,0.098,19872,,100,19,0.19,,,,12,https://mountainhealth.coop/members/,https://apellica.com/insurer-denial-rates/wyoming/montana-health-cooperative
2025,2023,WY,38576,Montana Health Cooperative,522287,43501,0.0833,50762,18419,1095,259,0.2365,,0,,12,https://mountainhealth.coop/members/,https://apellica.com/insurer-denial-rates/wyoming/montana-health-cooperative
2025,2023,WY,49714,UnitedHealthcare Insurance Company,0,0,,,,,,,,,,12,https://www.uhc.com/transparency,https://apellica.com/insurer-denial-rates/wyoming/unitedhealthcare-insurance-company
2026,2024,WY,49714,UnitedHealthcare Insurance Company,0,0,,,,,,,,,,12,https://www.uhc.com/transparency,https://apellica.com/insurer-denial-rates/wyoming/unitedhealthcare-insurance-company
